Sn Name,Red shift,Redshift error,ArcMin^2 per Kpc^2 at Redshift,ArcMin^2 / Kpc^2 error,Photometry N/s,Exposure Time (s),Photometry Error N^(1/2)/s,Flux (erg s-1 cm-2 A-1 px-1),Flux error (erg s-1 cm-2 A-1 px-1),Luminosity (erg s-1 A-1 px-1),Luminosity Error (erg s-1 A-1 px-1),Surface Brightness (erg s-1 A-1 Kpc^-2),Surface Brightness error (erg s-1 A-1 Kpc^-2),log10 of Surface Brightness,Error in log10,File Path
SN2008fr,0.039,0.001001952785047292,0.0004225439177653075,2.1552803910412807e-05,0.03755979299239603,1632.0,0.004797351264856097,5.258371018935444e-17,6.7162917707985366e-18,1.8996307285872786e+38,2.625958795907191e+37,1.2842838565834144e+38,1.8923353650898183e+37,38.10866102351729,0.06399136785501636,./fits files/Friedman Supernova/2418435336423079936/MISDR1_16952_0422-fd-int.fits
SN2005eq,0.028977,0.001001612724556265,0.0007620442401454929,5.2471689596582914e-05,0.01780928016767721,1693.05,0.003243308624513935,2.4932992234748093e-17,4.540632074319509e-18,4.898513076760112e+37,9.568441209356733e+36,5.972613880675872e+37,1.2370150703857916e+37,37.77616443925534,0.08994869412836011,./fits files/Friedman Supernova/2422868567306272768/MISDR1_18848_0459-fd-int.fits
SN2010Y,0.01086,0.001001252377307552,0.005382686252089959,0.0010072246200168843,0.1321730756121475,1694.0,0.008833133634066343,1.850423058570065e-16,1.236638708769288e-17,4.967212147449385e+37,9.814479204597191e+36,4.277911125966407e+38,1.1641497771849667e+38,38.63123175781772,0.11818474237847017,./fits files/Friedman Supernova/2425296288980402176/MISDR1_00398_0490-fd-int.fits
SN2010jv,0.013469,0.0010012840742891222,0.003503314997903919,0.0005251300747289229,0.0780246590461992,2640.0,0.005436432179112548,1.0923452266467888e-16,7.611005050757567e-18,4.528562698714227e+37,7.498998158247635e+36,2.5383970594166077e+38,5.669765534399024e+37,38.40455955598809,0.09700404734319427,./fits files/Friedman Supernova/2484793062182617088/NGA_NGC2388-fd-int.fits
SN2007sr,0.005417,0.0010012081338827729,0.021583362519114052,0.008542402847811398,0.31099653922277315,2334.4,0.011542241348083617,4.3539515491188243e-16,1.6159137887317064e-17,2.883471445309362e+37,1.075720200025954e+37,9.95760152282011e+38,5.41590904684991e+38,38.99815474295742,0.23621144189656965,./fits files/Friedman Supernova/2488487421453271040/NGA_Antennae-fd-int.fits
SN2008hy,0.008459,0.001001229213589488,0.008862768553607191,0.002154083653147766,0.12320832213807788,2765.1,0.00667520474981515,1.7249165099330904e-16,9.34528664974121e-18,2.7988130058350466e+37,6.839168107005074e+36,3.9688371032866665e+38,1.3678632763141034e+38,38.59866327411615,0.14967998369330146,./fits files/Friedman Supernova/2504003729343119360/LGAL_IC334-fd-int.fits
SN2009fv,0.0293,0.001001622121093591,0.0007454410012291042,5.075674513300212e-05,0.015166434194230739,12687.35,0.0010933426591916522,2.1233007871923036e-17,1.5306797228683132e-18,4.267179480210587e+37,4.284158676273765e+36,5.089488870643948e+37,6.174019086904138e+36,37.70667416901552,0.052683923450029334,./fits files/Friedman Supernova/2531166064595697664/ELAISN2_01-fd-int.fits
PS1-10w,0.031255,0.0010016812160008914,0.0006556649436648514,4.182367897872114e-05,0.061536988413281285,16222.5,0.0019476424477988753,8.615178377859381e-17,2.7266994269184256e-18,1.975937322742298e+38,1.4391982682126557e+37,2.0728845334417693e+38,2.0069600715627953e+37,38.316575111121495,0.04204825065835546,./fits files/Friedman Supernova/2538202939013464064/LOCK_01-fd-int.fits
SN2008hv,0.012549,0.0010012721212862288,0.0040342086468484525,0.0006502616022872874,0.02352628238184534,1693.05,0.0037277068298853873,3.2936795334583473e-17,5.218789561839543e-18,1.1836241112605385e+37,2.674731453661617e+36,7.639978598824925e+37,2.1206594329936604e+37,37.883092142027884,0.12054885728173104,./fits files/Friedman Supernova/2837129364280180736/MISDR2_24198_0566-fd-int.fits
SN2007le,0.006728,0.0010012160852922933,0.013999438311658605,0.00435099450238937,3.01845002521057,3070.0,0.03135615542355122,4.225830035294798e-15,4.3898617592971706e-17,4.325979229787654e+38,1.295040256951138e+38,9.689804698388585e+39,4.1813923298802497e+39,39.98631502377245,0.18740889750250256,./fits files/Friedman Supernova/2909398064550641664/MISWZS00_29365_0165-fd-int.fits
SN2007nq,0.045031,0.0010022056547560607,0.00031778650086738074,1.4018050293149311e-05,0.002362477489094308,3098.2,0.0008732309447566824,3.307468484732031e-18,1.2225233226593555e-18,1.6072274345059212e+37,5.986516037887253e+36,8.172082920155103e+36,3.0651657447953584e+36,36.912332764664164,0.16289415833022772,./fits files/Friedman Supernova/2915555329666187264/MISWZS01_29158_0269-fd-int.fits
SN2008gl,0.034017,0.0010017712012994906,0.0005541865013831702,3.245256583564145e-05,0.002336108490209496,2273.75,0.0010136199107014388,3.270551886293295e-18,1.4190678749820144e-18,8.922348411984959e+36,3.908663710212117e+36,7.911432080895405e+36,3.4966331317766055e+36,36.89825510404594,0.19194609254596498,./fits files/Friedman Supernova/2917138626410184704/MISWZS01_17216_0267-fd-int.fits
SNF20080522-011,0.03777,0.0010019056624074067,0.00045026849013933074,2.372248403243428e-05,0.08774920022889404,1939.0,0.006727174511838315,1.2284888032045166e-16,9.418044316573641e-18,4.154900140601053e+38,3.909178740007061e+37,2.9933129807810062e+38,3.227771792582146e+37,38.47615212904189,0.046831169589076474,./fits files/Friedman Supernova/2933393806315225088/MISWZN15_33671_0338-fd-int.fits
SN2005cf,0.006461,0.0010012143266978476,0.015178645460051397,0.004931532833498235,5.235332329580189,2921.95,0.04232877916339941,7.329465261412265e-15,5.926029082875917e-17,6.91658781964687e+38,2.1551227015918385e+38,1.6797509489236757e+40,7.561611677353639e+39,40.22524489510316,0.19550316241072077,./fits files/Friedman Supernova/3052176246487121920/GI1_026023_Arp254-fd-int.fits
SN2011de,0.029187,0.0010016188219243009,0.0007511870411215415,5.1348079164974215e-05,0.0047123013372231985,2249.7,0.0014472855754840237,6.5972218721124784e-18,2.0261998056776334e-18,1.3154074786607738e+37,4.1440192930669596e+36,1.580987282822934e+37,5.0965889700143095e+36,37.198928376559635,0.14000242065540316,./fits files/Friedman Supernova/3057911299137601536/GI1_047105_UGC09992-fd-int.fits
SN2005eu,0.03412,0.001001774704144612,0.0005508705925058629,3.2160036676430004e-05,0.047132701520026896,4480.2,0.0032434891829653525,6.598578212803766e-17,4.5408848561514934e-18,1.8113458276844365e+38,1.65634803162797e+37,1.5965074389272769e+38,1.7320510638712884e+37,38.20317094647555,0.04711661224199419,./fits files/Friedman Supernova/3082962572064849920/GI2_034001_UGC1922-fd-int.fits
SN2006E,0.002686,0.0010011970825267245,0.08768260156862515,0.08810569778045468,2.237027017029358,1675.0,0.03654502036410752,3.131837823841101e-15,5.116302850975053e-17,5.077786776007787e+37,3.7943110958836814e+37,7.12373687569799e+39,8.920435718533193e+39,39.852707869867174,0.5438291835213309,./fits files/Friedman Supernova/3116282172432973824/GI3_046017_NGC5338-fd-int.fits
SN2007qe,0.024,0.0010014810949109446,0.00110845655195636,9.234367990048513e-05,0.01180741646816608,1606.1,0.002711384746231973,1.6530383055432513e-17,3.7959386447247626e-18,2.211173780830488e+37,5.414106707946482e+36,3.921584103801073e+37,1.0142649393969359e+37,37.593461533492494,0.1123244216389678,./fits files/Friedman Supernova/3166032874566582272/GI4_042049_AOHI235137p272810-fd-int.fits
SNF20080514-002,0.022095,0.0010014372533958503,0.0013067482120049836,0.00011836818019656393,0.019419699358773655,1570.3,0.0035166563273698994,2.7187579102283117e-17,4.9233188583178595e-18,3.0734055480375607e+37,6.24499047663359e+36,6.425867527462845e+37,1.4295661967139713e+37,37.80793176810549,0.09661772641513362,./fits files/Friedman Supernova/3186087966657216512/GI5_002024_HI1328461p105719-fd-int.fits
SN2010ai,0.018369,0.0010013619743254806,0.0018875726040416022,0.00020619565160921282,0.0076556618507477026,18620.45,0.0006412041041783295,1.0717926591046784e-17,8.976857458496613e-19,8.326762427584094e+36,1.1549336137888472e+36,2.5147789821873085e+37,4.439930033986848e+36,37.40049982198266,0.07667620603858634,./fits files/Friedman Supernova/3187917554207162368/GI5_025001_COMA-fd-int.fits
SN2005ch,0.027,0.0010015574788618097,0.0008769673171590443,6.485507629283024e-05,0.03091304481282978,8335.15,0.0019258132448317544,4.3278262737961694e-17,2.6961385427644562e-18,7.360139029164969e+37,7.215834383232524e+36,1.0327362205319e+38,1.268244045221473e+37,38.013989409035325,0.053333211288228516,./fits files/Friedman Supernova/3383190819233071104/WDST_J1423p0149-fd-int.fits
SN2011df,0.014547,0.0010012991554340914,0.003004735264253154,0.00041626658004855215,0.04779298011070609,192.0,0.01577725473630307,6.691017215498853e-17,2.20881566308243e-17,3.241074361296748e+37,1.1611664291378512e+37,1.5581712683928168e+38,5.985221977984686e+37,38.192615191995046,0.16682048570218636,./fits files/Friedman Supernova/6371091720297250816/AIS_5_sg40-fd-int.fits
SN2010gn,0.0365,0.0010018585895544463,0.0004818776520034183,2.628013831418996e-05,0.015840993616226425,177.0,0.00946029282336899,2.2177391062716997e-17,1.3244409952716586e-17,6.991510303308065e+37,4.1939234977775463e+37,5.390484110265275e+37,3.246869111356922e+37,37.731627770191494,0.2615901113295431,./fits files/Friedman Supernova/6371302827603525632/AIS_11_sg41-fd-int.fits
SN2010ag,0.033791,0.001001763552513778,0.0005615684736825807,3.310699497125033e-05,0.032718567016921024,156.55,0.014456748020354784,4.580599382368944e-17,2.02394472284967e-17,1.232661425522183e+38,5.49783707002199e+37,1.107558072476618e+38,4.982826436090327e+37,38.044366506809276,0.19538605507490084,./fits files/Friedman Supernova/6371478745169002496/AIS_16_sg37-fd-int.fits
SN2011de,0.029187,0.0010016188219243009,0.0007511870411215415,5.1348079164974215e-05,0.0,110.0,0.0,0.0,0.0,0.0,0.0,0.0,0.0,-inf,nan,./fits files/Friedman Supernova/6371689904014884864/AIS_22_sg86-fd-int.fits
SN2006le,0.017432,0.001001345224229898,0.0020950924046744027,0.00024137120721385837,0.056740496429291326,221.0,0.016023243583411534,7.943669500100786e-17,2.243254101677615e-17,5.549929803584456e+37,1.6952318557764115e+37,1.8604185244745428e+38,6.073438840503049e+37,38.26961065519823,0.14177782794075006,./fits files/Friedman Supernova/6372780528281583616/AIS_53_sg01-fd-int.fits
SN2005ls,0.021118,0.001001416173919727,0.0014298460110112128,0.0001355900141347525,0.42239288753275567,112.0,0.06141144028221653,5.91350042545858e-16,8.597601639510315e-17,6.097698516573147e+38,1.0635938144043021e+38,1.3950031840433763e+39,2.7695877640208295e+38,39.144575198871905,0.08622322133879885,./fits files/Friedman Supernova/6372991654915211264/AIS_59_sg20-fd-int.fits
SN2011B,0.00467,0.001001204370927347,0.029031070991417524,0.013661902546434417,0.5636030541517063,142.0,0.06300028191651001,7.890442758123889e-16,8.820039468311402e-17,3.87921548018226e+37,1.7247888522539924e+37,1.8018844799388317e+39,1.1665726278021363e+39,39.255726944615695,0.28117010864705516,./fits files/Friedman Supernova/6373449034572496896/AIS_72_sg04-fd-int.fits
SN2011aa,0.012512,0.0010012716582466642,0.004058038431129222,0.0006560917106948423,0.2879450862769258,108.0,0.05163485450165269,4.031231207876961e-16,7.228879630231377e-17,1.4400601413859737e+38,3.4761504739044954e+37,9.350111035010658e+38,2.716496821598029e+38,38.970816768263546,0.12617599676733693,./fits files/Friedman Supernova/6373449094702039040/AIS_72_sg60-fd-int.fits
SN2008Z,0.02099,0.0010014134828151779,0.001447257210386341,0.00013808916208161558,0.10893734332139277,110.0,0.03146966046829798,1.525122806499499e-16,4.405752465561717e-17,1.5533194863971969e+38,4.733134974851028e+37,3.596884522755121e+38,1.1484863251270473e+38,38.555926495106455,0.1386703605268837,./fits files/Friedman Supernova/6373941690943668224/AIS_86_sg74-fd-int.fits
SN2010jv,0.013469,0.0010012840742891222,0.003503314997903919,0.0005251300747289229,0.07617811783480527,202.0,0.01941956174475171,1.0664936496872738e-16,2.7187386442652396e-17,4.421389174936241e+37,1.3082547585340776e+37,2.4783230412998663e+38,8.220444279884325e+37,38.39415791459455,0.14405279416981973,./fits files/Friedman Supernova/6374011998484561920/AIS_88_sg17-fd-int.fits
SN2009an,0.009228,0.0010012360058687584,0.007449664893681285,0.0016519753220461393,0.0423494856401662,108.0,0.019802143825118225,5.928927989623267e-17,2.7723001355165515e-17,1.146243115792045e+37,5.91625339901494e+36,1.3662603358943758e+38,7.67514133527388e+37,38.13553346045084,0.24397045293384653,./fits files/Friedman Supernova/6374328692193099776/AIS_97_sg49-fd-int.fits
PTF10bjs,0.030027,0.0010016436513017115,0.0007100077310614563,4.716165934502513e-05,0.1282829807136418,89.05,0.03795487322819943,1.7959617299909854e-16,5.3136822519479205e-17,3.794809144350766e+38,1.1522248213879176e+38,4.3109501286268054e+38,1.3398974769407467e+38,38.634572998732466,0.1349841828805418,./fits files/Friedman Supernova/6374539747959767040/AIS_103_sg02-fd-int.fits
SN2009do,0.039734,0.0010019816236937805,0.00040720878675608096,2.0383101407750183e-05,0.009997802961777075,111.0,0.009490537938159857,1.3996924146487905e-17,1.32867531134238e-17,5.254346151233362e+37,4.995207871144174e+37,3.4233854743043523e+37,3.2590561894730294e+37,37.53445580358946,0.41344748639163664,./fits files/Friedman Supernova/6374539788761956352/AIS_103_sg40-fd-int.fits
SN2011ao,0.010694,0.0010012505905616358,0.005550692064711713,0.0010553873285489728,1.2846043621283663,96.0,0.11567755079362976,1.798446106979713e-15,1.6194857111108168e-16,4.680027321880059e+38,9.789556963536311e+37,4.1563824829109836e+39,1.1749184286768793e+39,39.61871550581836,0.12276555210179778,./fits files/Friedman Supernova/6374856428783403008/AIS_112_sg22-fd-int.fits
SN2006ac,0.023106,0.0010014600694486149,0.0011954241940782177,0.00010348889107765502,0.2714233453913205,213.0,0.03569717121084388,3.799926835478487e-16,4.997603969518143e-17,4.704930111912686e+38,7.450611111617071e+37,8.999019659564098e+38,1.6241078985311066e+38,38.95419520059138,0.07837977080069096,./fits files/Friedman Supernova/6374891607786782720/AIS_113_sg17-fd-int.fits
SN2010ai,0.018369,0.0010013619743254806,0.0018875726040416022,0.00020619565160921282,0.0,136.0,0.0,0.0,0.0,0.0,0.0,0.0,0.0,-inf,nan,./fits files/Friedman Supernova/6374891688317419520/AIS_113_sg92-fd-int.fits
SN2008fv,0.009346,0.0010012371003813355,0.007263108431752734,0.001589282176901778,1.1781330286806377,108.0,0.1044444313478603,1.649386240152893e-15,1.4622220388700442e-16,3.271437984353283e+38,7.63258949988298e+37,3.801729409297999e+39,1.2160414528845755e+39,39.57998120242138,0.1389157501482735,./fits files/Friedman Supernova/6375067527499743232/AIS_118_sg15-fd-int.fits
SN2010ew,0.025501,0.0010015181897824045,0.0009824527578216433,7.697540492300459e-05,0.027822219157705615,140.0,0.014097167638007179,3.8951106820787865e-17,1.9736034693210053e-17,5.895749506304071e+37,3.0243650890255797e+37,9.267672579030442e+37,4.809206757149218e+37,37.96697068204153,0.22536531574146765,./fits files/Friedman Supernova/6375947167940476928/AIS_143_sg44-fd-int.fits
SN2010ex,0.022812,0.0010014533293209546,0.0012262784816318068,0.00010754495719610276,0.12573321809028065,220.0,0.02390637154986304,1.760265053263929e-16,3.346892016980826e-17,2.1234366500682073e+38,4.460729704223276e+37,4.1662794737391535e+38,9.48423702178503e+37,38.6197483990327,0.09886403035577186,./fits files/Friedman Supernova/6376087915092508672/AIS_147_sg53-fd-int.fits
SN2007cq,0.026218,0.0010015367027663162,0.0009297435822591793,7.083164004670182e-05,0.07183253871174812,435.1,0.01284890327236111,1.0056555419644737e-16,1.7988464581305554e-17,1.6107347861487063e+38,3.142634294592279e+37,2.3961125282293934e+38,5.018710099791393e+37,38.37950720989487,0.09096392915328284,./fits files/Friedman Supernova/6376404588399951872/AIS_156_sg66-fd-int.fits
SN2007qe,0.024,0.0010014810949109446,0.00110845655195636,9.234367990048513e-05,0.003389517174514025,220.0,0.003925162116492099,4.745324044319635e-18,5.495226963088939e-18,6.347545651639185e+36,7.370410629886179e+36,1.1257565706242488e+37,1.3105248586962057e+37,37.051444490458444,0.5055744104724138,./fits files/Friedman Supernova/6376756437489549312/AIS_166_sg71-fd-int.fits
SN2007rx,0.0301,0.001001645842333519,0.0007065906396537468,4.681968285891506e-05,0.014421195377745827,248.0,0.007625613644361357,2.018967352884416e-17,1.06758591021059e-17,4.287251004812038e+37,2.285706099149247e+37,4.84693028775409e+37,2.6039751484749127e+37,37.6854667734134,0.2333212922110902,./fits files/Friedman Supernova/6376756456816902144/AIS_166_sg89-fd-int.fits
SN2009kk,0.012859,0.0010012760545149498,0.003842559352814005,0.0006040315443673902,0.11975166098798537,112.0,0.03269879614895061,1.6765232538317952e-16,4.577831460853086e-17,6.329154541972495e+37,1.99437975370625e+37,3.891224316905863e+38,1.370266903282847e+38,38.59008626724332,0.15293370578635648,./fits files/Friedman Supernova/6377143446255173632/AIS_177_sg53-fd-int.fits
SN2008fx,0.059,0.0010029303981154546,0.00018627403670590004,6.253040865105146e-06,0.0,112.0,0.0,0.0,0.0,0.0,0.0,0.0,0.0,-inf,nan,./fits files/Friedman Supernova/6377178591972556800/AIS_178_sg17-fd-int.fits
SN2009im,0.0131,0.0010012791785830885,0.0037028641738160112,0.000571081567271941,0.0404006184863937,203.0,0.014107367730794016,5.656086588095119e-17,1.9750314823111623e-17,2.2168771056391073e+37,8.464109887658901e+36,1.313407169955837e+38,5.4082994274762845e+37,38.11839938279348,0.1788321741773683,./fits files/Friedman Supernova/6377284209513332736/AIS_181_sg77-fd-int.fits
SN2009lf,0.045,0.0010022042623457678,0.00031822012294804625,1.4046947765381266e-05,0.0028252082697974093,336.0,0.002899716659454572,3.9552915777163735e-18,4.059603323236401e-18,1.919296919452672e+37,1.9718928610184045e+37,9.77214242691257e+36,1.0049198293050744e+37,36.9899897880979,0.4466074250211665,./fits files/Friedman Supernova/6377389717532442624/AIS_184_sg35-fd-int.fits
SN2009D,0.025007,0.0010015057331403672,0.0010214311586314668,8.162834537787217e-05,0.00914161931574939,256.0,0.005975738348980677,1.2798267042049147e-17,8.366033688572948e-18,1.8614631725966793e+37,1.2262575989926473e+37,3.042170376216371e+37,2.0187530302590577e+37,37.4831835329841,0.2881933596557448,./fits files/Friedman Supernova/6377460104530231296/AIS_186_sg52-fd-int.fits
SN2011K,0.0145,0.001001298473715018,0.0030241840942856865,0.0004203489891855066,0.11577788988493576,188.0,0.024816120315022748,1.6208904583891007e-16,3.474256844103185e-17,7.800245356403615e+37,1.9954704396521419e+37,3.774300470137855e+38,1.0988626743343736e+38,38.576836471167674,0.12644197238897564,./fits files/Friedman Supernova/6377530511929114624/AIS_188_sg88-fd-int.fits
SN2010iw,0.021498,0.001001424259476484,0.0013799733419562323,0.00012851748755524453,0.09097461697924239,216.0,0.020522640824243644,1.2736446377093935e-16,2.87316971539411e-17,1.36179374791496e+38,3.331669997850888e+37,3.006782510984496e+38,7.8711335749299755e+37,38.47810201549816,0.11368929629686575,./fits files/Friedman Supernova/6378480487828029440/AIS_215_sg86-fd-int.fits
SN2010cr,0.02157,0.0010014258077181877,0.001370819151024746,0.0001272332910500707,0.0,107.0,0.0,0.0,0.0,0.0,0.0,0.0,0.0,-inf,nan,./fits files/Friedman Supernova/6378656372107509760/AIS_220_sg51-fd-int.fits
SNF20080522-000,0.04526,0.0010022159702698938,0.00031461075684685087,1.380702331410199e-05,0.0016965098132073438,96.0,0.004203805228384562,2.3751137384902814e-18,5.885327319738387e-18,1.166321352592411e+37,2.890536658492516e+37,5.870995895451857e+36,1.4552583892885185e+37,36.76871177675252,1.076496559469619,./fits files/Friedman Supernova/6378691553258373120/AIS_221_sg48-fd-int.fits
SN2006cp,0.022289,0.0010014415524557709,0.0012842084529052936,0.0001153012959385399,0.05553739132539889,93.0,0.024437190421470814,7.775234785555845e-17,3.421206659005914e-17,8.947136918632988e+37,4.0208630724673915e+37,1.8383982176335204e+38,8.425070336954285e+37,38.26443959028661,0.19902986860463873,./fits files/Friedman Supernova/6378726707565690880/AIS_222_sg20-fd-int.fits
SN2005bl,0.02406,0.0010014825345776254,0.0011029638966258471,9.165426886555204e-05,0.0,105.0,0.0,0.0,0.0,0.0,0.0,0.0,0.0,-inf,nan,./fits files/Friedman Supernova/6378867516994748416/AIS_226_sg87-fd-int.fits
SN2007ca,0.014066,0.0010012922829124493,0.003213077355546132,0.0004607015412427765,0.34157663752883793,207.0,0.04062177594297505,4.782072925403731e-16,5.687048632016507e-17,2.164144109398883e+38,4.0402490413628193e+37,1.1125699891276963e+39,2.6189638421612486e+38,39.046327340943634,0.10223190954903807,./fits files/Friedman Supernova/6379148906072113152/AIS_234_sg07-fd-int.fits
SN2009jr,0.016548,0.001001330225134558,0.002324018775270914,0.00028230394888420734,0.573204199160926,192.0,0.054639166641043825,8.024858788252965e-16,7.649483329746135e-17,5.0455936008664124e+38,7.83389451842805e+37,1.876168681728051e+39,3.6985677733705744e+38,39.27327188215093,0.08561424090293307,./fits files/Friedman Supernova/6379430385343791104/AIS_242_sg11-fd-int.fits
SN2009fw,0.028226,0.0010015912791852895,0.0008028703705690636,5.676938792612067e-05,0.01889499373272605,186.0,0.010078987032801995,2.6452991225816468e-17,1.4110581845922793e-17,4.925669175396947e+37,2.6515988076625264e+37,6.327478137842496e+37,3.435481503545618e+37,37.801230653295995,0.2357986273784717,./fits files/Friedman Supernova/6379782243023323136/AIS_252_sg24-fd-int.fits
SN2008gl,0.034017,0.0010017712012994906,0.0005541865013831702,3.245256583564145e-05,0.0,108.0,0.0,0.0,0.0,0.0,0.0,0.0,0.0,-inf,nan,./fits files/Friedman Supernova/6380274808126439424/AIS_266_sg09-fd-int.fits
SN2007nq,0.045031,0.0010022056547560607,0.00031778650086738074,1.4018050293149311e-05,0.0,102.1,0.0,0.0,0.0,0.0,0.0,0.0,0.0,-inf,nan,./fits files/Friedman Supernova/6380345199419195392/AIS_268_sg30-fd-int.fits
SN2005iq,0.034044,0.0010017721184980269,0.0005533143782413322,3.237554085422649e-05,0.054483369578931753,112.0,0.02205580764952283,7.627671741050446e-17,3.0878130709331967e-17,2.0842835312570116e+38,8.530780882583045e+37,1.845222473881794e+38,7.629110662808702e+37,38.26604873545683,0.17955995602616584,./fits files/Friedman Supernova/6380556295988051968/AIS_274_sg21-fd-int.fits
SN2007fb,0.018026,0.0010013557410531108,0.001959797171194176,0.00021822408505261463,0.10213286026587097,160.0,0.025265200412628676,1.4298600437221938e-16,3.537128057768015e-17,1.0691997871383924e+38,2.9061968671321725e+37,3.352663549240378e+38,9.847922019263049e+37,38.525389972742914,0.12756717542231458,./fits files/Friedman Supernova/6381013703562625024/AIS_287_sg31-fd-int.fits
SN2009ad,0.0284,0.0010015961978082906,0.0007931229785538936,5.5732963391723236e-05,0.0509331205326125,189.05,0.016413900959644328,7.13063687456575e-17,2.297946134350206e-17,1.3445304557853385e+38,4.439888923334249e+37,1.7062047997582264e+38,5.76036064069975e+37,38.23203115934419,0.14662324478181504,./fits files/Friedman Supernova/6381858104870436864/AIS_311_sg09-fd-int.fits
SN2010kg,0.016632,0.001001331616842305,0.002300687139708931,0.00027803300581994176,0.3451020610780895,183.3,0.043390289317125214,4.831428855093254e-16,6.07464050439753e-17,3.0690523412710418e+38,5.37557445444743e+37,1.1297486804249392e+39,2.404087981441063e+38,39.052981842736585,0.09241720414818842,./fits files/Friedman Supernova/6381858110239145984/AIS_311_sg14-fd-int.fits
SN2009al,0.022105,0.001001437474078649,0.0013055718662458283,0.00011820744788386742,0.018887413665652275,108.0,0.013224351100261593,2.6442379131913188e-17,1.851409154036623e-17,2.9919166500313157e+37,2.1128996865709734e+37,6.249859527093361e+37,4.449794265012759e+37,37.79587025617707,0.30921032489166045,./fits files/Friedman Supernova/6381893360109486080/AIS_312_sg75-fd-int.fits
SN2011at,0.006758,0.0010012162873365698,0.01387560183608524,0.004291613812374184,1.4885372126310816,192.0,0.0880499745522759,2.0839520976835146e-15,1.2326996437318625e-16,2.152508135014836e+38,6.536707423957755e+37,4.7787753328640426e+39,2.0713789495675977e+39,39.679316613280584,0.1882466500446706,./fits files/Friedman Supernova/6382104470636986368/AIS_318_sg79-fd-int.fits
SN2006ax,0.016725,0.0010013331658788821,0.0022752641599320354,0.00027340454297752437,0.039701955201692306,108.0,0.019173176834304483,5.558273728236923e-17,2.684244756802628e-17,3.5708682739032046e+37,1.778015979923196e+37,1.299946976552053e+38,6.6585494800192085e+37,38.113925638260305,0.2224530191471479,./fits files/Friedman Supernova/6382174763145494528/AIS_320_sg08-fd-int.fits
SN2009ds,0.019227,0.0010013780809429696,0.001723510305190869,0.0001797474169881174,0.3199274581260797,106.0,0.05493799819979767,4.478984413765116e-16,7.691319747971675e-17,3.817387319255119e+38,7.697383956584045e+37,1.0526890213825827e+39,2.389753480665197e+38,39.022300093650536,0.0985910110850099,./fits files/Friedman Supernova/6382209968992419840/AIS_321_sg28-fd-int.fits
SN2011ae,0.006046,0.0010012117346395938,0.017330791406105793,0.006060041812541276,2.3596593941880175,112.0,0.14514953390893168,3.3035231518632247e-15,2.0320934747250435e-16,2.7280564775265465e+38,9.231578782273994e+37,7.564700440974128e+39,3.680978458226416e+39,39.878791734816865,0.21132742068060156,./fits files/Friedman Supernova/6382210031269445632/AIS_321_sg86-fd-int.fits
SN2005bo,0.013896,0.0010012899092071308,0.003291931223284724,0.00047791871993464914,0.924571206258242,96.0,0.09813740344143765,1.2943996887615388e-15,1.3739236481801272e-16,5.7156178797563426e+38,1.0300985824481537e+38,3.010467353397494e+39,6.967006431691756e+38,39.47863392192144,0.10050706729151115,./fits files/Friedman Supernova/6382561868547883008/AIS_331_sg80-fd-int.fits
SN2007S,0.01388,0.0010012896872853652,0.0032995021530762393,0.0004795831569803959,0.6142898547843517,215.0,0.053452428849960494,8.600057966980924e-16,7.48334003899447e-17,3.788652689609595e+38,6.433427063164707e+37,2.0001068330599906e+39,4.470645966467497e+38,39.30105319354863,0.09707365835101014,./fits files/Friedman Supernova/6382702557717856256/AIS_335_sg35-fd-int.fits
SNF20080522-011,0.03777,0.0010019056624074067,0.00045026849013933074,2.372248403243428e-05,0.07188097111103747,134.0,0.023160854226174116,1.0063335955545247e-16,3.242519591664376e-17,3.4035439205911724e+38,1.1122608452466724e+38,2.452013731595976e+38,8.11652273571718e+37,38.3895228979588,0.14375780163636834,./fits files/Friedman Supernova/6382772921093324800/AIS_337_sg30-fd-int.fits
SN2006cz,0.0418,0.0010020656782187606,0.0003682861445031549,1.751470544007625e-05,0.0,105.0,0.0,0.0,0.0,0.0,0.0,0.0,0.0,-inf,nan,./fits files/Friedman Supernova/6382843310238597120/AIS_339_sg49-fd-int.fits
SN2010dw,0.03812,0.001001918917809233,0.00044210634477803175,2.3076474378205412e-05,0.015292906754987293,94.0,0.012755018541447699,2.1410069456982212e-17,1.7857025958026778e-17,7.379809729883846e+37,6.168029112646452e+37,5.220257127738081e+37,4.371579773068535e+37,37.71769189503436,0.3636895513356007,./fits files/Friedman Supernova/6382878506421846016/AIS_340_sg60-fd-int.fits
SN2009Y,0.009316,0.0010012368207971702,0.007309867153702715,0.0016049148852741008,0.44595464959718434,119.15,0.06117843038861638,6.243365094360581e-16,8.564980254406294e-17,1.2303318969454656e+38,3.1534046052795934e+37,1.4389700354615057e+39,4.8563175597755746e+38,39.15805175045557,0.1465681610183062,./fits files/Friedman Supernova/6382948909525762048/AIS_342_sg92-fd-int.fits
SN2008af,0.033507,0.0010017540129757527,0.0005710570446019323,3.3954611702928376e-05,0.0009033266166024463,73.0,0.003517717686541325,1.2646572632434248e-18,4.924804761157856e-18,3.344867465027617e+36,1.3027133874980995e+37,3.0561762066621245e+36,1.190416556104984e+37,36.485178390275024,1.6916280558551684,./fits files/Friedman Supernova/6383476603166392320/AIS_357_sg25-fd-int.fits
SN2009dc,0.021391,0.0010014219681757659,0.0013937483624765759,0.00013045811995611304,0.009722501762725815,122.05,0.008925244827350522,1.361150246781614e-17,1.2495342758290731e-17,1.4406698572323062e+37,1.3296189593540675e+37,3.212690007019022e+37,2.9802570711677047e+37,37.506868822427954,0.40287397720710666,./fits files/Friedman Supernova/6387909894179127296/AIS_483_sg81-fd-int.fits
SN2010dl,0.030034,0.0010016438611702388,0.0007096789866483237,4.712872276085086e-05,0.0006187922466349843,471.0,0.0011462041764677784,8.663091452889781e-19,1.6046858470548898e-18,1.8313560767012883e+36,3.394565068762507e+36,2.079479879528992e+36,3.856955382275286e+36,36.317954722608235,0.8055160600296879,./fits files/Friedman Supernova/6396485997902692352/MISMWS_20350_0261-fd-int.fits
SN2010gn,0.0365,0.0010018585895544463,0.0004818776520034183,2.628013831418996e-05,0.007873672787932004,176.0,0.006688555928315317,1.1023141903104807e-17,9.363978299641444e-18,3.4750891109074543e+37,2.9585277396070335e+37,2.6793084500267687e+37,2.2857128528474603e+37,37.42802271377,0.37049578192353094,./fits files/Friedman Supernova/6400285910088286208/MISMWS_11196_0012-fd-int.fits
ASASSN-14ay,0.030869,0.0010016692461212056,0.0006720510651618643,4.341046998702913e-05,0.0,67.05,0.0,0.0,0.0,0.0,0.0,0.0,0.0,-inf,nan,./fits files/Other Supernova/ASASSN-14ay/1/AIS_114/AIS_114_sg29-fd-int.fits
ASASSN-14iu,0.016855,0.0010013353456704824,0.002240428634763475,0.0002671055535335494,0.08839127130369778,105.05,0.029007255982143747,1.237477798251769e-16,4.061015837500125e-17,8.075753943788205e+37,2.822811172957767e+37,2.8949040612747444e+38,1.0691286613712103e+38,38.46163417554208,0.1603910417237348,./fits files/Other Supernova/ASASSN-14iu/1/AIS_80/AIS_80_sg28-fd-int.fits
ASASSN-15fj,0.045,0.0010022042623457678,0.00031822012294804625,1.4046947765381266e-05,0.00046562613385702943,109.0,0.0020668330179438093,6.518765873998412e-19,2.893566225121333e-18,3.1632174303119176e+36,1.4041723736956906e+37,1.6105591033364178e+36,7.14972795689448e+36,36.20697666692776,1.9279561938187901,./fits files/Other Supernova/ASASSN-15fj/1/AIS_0/AIS_0_sg60-fd-int.fits
CSS121006:232854+085452,0.08,0.0010043845794634766,0.00010227617188434638,2.52246361959895e-06,0.007508171818242032,1643.35,0.0021374799822184184,1.0511440545538847e-17,2.992471975105786e-18,1.6950948517574925e+38,4.846603205474587e+37,2.773884998697919e+37,7.960524053365385e+36,37.44308845188283,0.12463428264176538,./fits files/Other Supernova/CSS121006:232854+085452/1/NGRG_HCG96/NGRG_HCG96-fd-int.fits
CSS130218:092354+385837,0.05,0.001002441211974061,0.0002583304528498816,1.0251625652155457e-05,6.2549525817182205e-06,1662.0,6.134744706829007e-05,8.756933614405509e-21,8.58864258956061e-20,5.284620075948294e+34,5.1831066186180165e+35,2.184285275774877e+34,2.142344384130517e+35,34.33930935821036,4.259555080479314,./fits files/Other Supernova/CSS130218:092354+385837/1/MISDR3_03922_0938/MISDR3_03922_0938-fd-int.fits
CSS140501:170414+174839,0.07,0.0010036375757533317,0.0001329843744525163,3.754915248487816e-06,0.0007851131821386759,135.0,0.0024115665778601312,1.0991584549941464e-18,3.3761932090041837e-18,1.3380919735521052e+37,4.1103026797582836e+37,2.8471251850041544e+36,8.746065960359959e+36,36.45440656302376,1.3341064892236736,./fits files/Other Supernova/CSS140501:170414+174839/1/AIS_131/AIS_131_sg29-fd-int.fits
iPTF13dkj,0.03,0.0010016428422666558,0.0007112778969674802,4.728898881493714e-05,0.05036493194425518,160.1,0.017736521719151233,7.051090472195726e-17,2.4831130406811727e-17,1.48713413869756e+38,5.334629601266855e+37,1.6924250282901524e+38,6.174437978123034e+37,38.22850943923544,0.15844272555232972,./fits files/Other Supernova/iPTF13dkj/1/AIS_145/AIS_145_sg20-fd-int.fits
iPTF13dkl,0.04,0.0010019922072870748,0.0004018580929844287,1.9980164727480254e-05,0.023234914972746296,346.05,0.008194097448849585,3.2528880961844814e-17,1.147173642838942e-17,1.2380033015732732e+38,4.41243906527314e+37,7.960026334058593e+37,2.8645504785119583e+37,37.90091450451121,0.15628823495571936,./fits files/Other Supernova/iPTF13dkl/1/AIS_149/AIS_149_sg59-fd-int.fits
iPTF13dk,0.03,0.0010016428422666558,0.0007112778969674802,4.728898881493714e-05,0.05270341730592024,2690.3,0.004426077580867971,7.378478422828834e-17,6.19650861321516e-18,1.5561830042460282e+38,1.6843613273166744e+37,1.77100571929064e+38,2.249622130519181e+37,38.24821996370411,0.055166308443275094,./fits files/Other Supernova/iPTF13dkx/2/NGRG_A227/NGRG_A227-fd-int.fits
iPTF14gdr,0.07,0.0010036375757533317,0.0001329843744525163,3.754915248487816e-06,0.008970485952628105,112.0,0.008949504014173838,1.2558680333679348e-17,1.2529305619843374e-17,1.5288668596005574e+38,1.5259849038517254e+38,3.2530464471226104e+37,3.248213314158323e+37,37.51229026419948,0.43364923966315055,./fits files/Other Supernova/iPTF14gdr/1/AIS_267/AIS_267_sg57-fd-int.fits
iPTF14gnl,0.05,0.001002441211974061,0.0002583304528498816,1.0251625652155457e-05,0.006088600564397034,248.0,0.004954877464799228,8.524040790155847e-18,6.936828450718919e-18,5.144074292599037e+37,4.1916818903095243e+37,2.126193666400869e+37,1.734595906634678e+37,37.32760282012075,0.354307061716822,./fits files/Other Supernova/iPTF14gnl/1/AIS_267/AIS_267_sg38-fd-int.fits
LSQ12fhs,0.033,0.00100173718282992,0.0005886076884361454,3.554129786277052e-05,0.03287678970465293,170.0,0.013906577049038969,4.6027505586514106e-17,1.9469207868654558e-17,1.179915406524544e+38,5.044622179607619e+37,1.1112116479753704e+38,4.798032445996346e+37,38.04579678512779,0.18752134384890473,./fits files/Other Supernova/LSQ12fhs/1/AIS_162/AIS_162_sg75-fd-int.fits
LSQ12fm,0.067,0.0010034327996752072,0.00014496460587866075,4.278794078722552e-06,0.0,100.05,0.0,0.0,0.0,0.0,0.0,0.0,0.0,-inf,nan,./fits files/Other Supernova/LSQ12fmx/1/AIS_181/AIS_181_sg22-fd-int.fits
LSQ13cm,0.057,0.0010028147303784605,0.0001993971691404965,6.931161511657908e-06,0.0,120.0,0.0,0.0,0.0,0.0,0.0,0.0,0.0,-inf,nan,./fits files/Other Supernova/LSQ13cmt/1/AIS_276/AIS_276_sg48-fd-int.fits
LSQ13crf,0.06,0.001002989722511664,0.00018019712107696694,5.947071835475139e-06,0.07189984819481066,1517.75,0.006882779890512502,1.0065978747273493e-16,9.635891846717503e-18,8.875209461298379e+38,9.04232820872907e+37,2.558859510209642e+38,2.740411902568155e+37,38.40804644234845,0.04651078977484915,./fits files/Other Supernova/LSQ13crf/3/MISGCSS_18584_0410/MISGCSS_18584_0410-fd-int.fits
LSQ13cwp,0.067,0.0010034327996752072,0.00014496460587866075,4.278794078722552e-06,0.004452591601892683,179.05,0.004986769095012545,6.233628242649756e-18,6.981476733017564e-18,6.922556009788397e+37,7.756098559543891e+37,1.6056409658110866e+37,1.7995997777556447e+37,37.20564844007157,0.48675654754410996,./fits files/Other Supernova/LSQ13cwp/1/AIS_177/AIS_177_sg40-fd-int.fits
LSQ14ac,0.06,0.001002989722511664,0.00018019712107696694,5.947071835475139e-06,0.0070829164249458475,180.05,0.006272049694312918,9.916082994924187e-18,8.780869572038086e-18,8.7430458403669e+37,7.748126871507937e+37,2.5207547038049055e+37,2.235452805141298e+37,37.40153058626864,0.3851405360317636,./fits files/Other Supernova/LSQ14act/1/AIS_344/AIS_344_sg18-fd-int.fits
LSQ14ag,0.06,0.001002989722511664,0.00018019712107696694,5.947071835475139e-06,0.017678006612620548,104.0,0.013037669776028086,2.474920925766877e-17,1.825273768643932e-17,2.1821466315216662e+38,1.6111489865508036e+38,6.291464652288083e+37,4.649828898049382e+37,37.79875176092381,0.32097375473336087,./fits files/Other Supernova/LSQ14age/1/AIS_230/AIS_230_sg67-fd-int.fits
LSQ14ahm,0.05,0.001002441211974061,0.0002583304528498816,1.0251625652155457e-05,0.013651407470506347,75.0,0.013491433414691481,1.9111970458708886e-17,1.8888006780568076e-17,1.1533660893680346e+38,1.1408578863028748e+38,4.767193346690262e+37,4.719286745065414e+37,37.678262766296214,0.4299301586590826,./fits files/Other Supernova/LSQ14ahm/1/AIS_321/AIS_321_sg31-fd-int.fits
LSQ14fmg,0.06,0.001002989722511664,0.00018019712107696694,5.947071835475139e-06,0.0017289938459561659,144.0,0.0034650977050944168,2.4205913843386323e-18,4.851136787132184e-18,2.134244080540961e+37,4.277912309474146e+37,6.153354223824631e+36,1.2335551483732182e+37,36.78911191639217,0.8706246618918908,./fits files/Other Supernova/LSQ14fmg/2/AIS_151/AIS_151_sg12-fd-int.fits
PS1-12bwh,0.025,0.001001505558378996,0.0010220001125680243,8.169694258412151e-05,0.20558353549942884,109.0,0.04342910905225637,2.878169496992004e-16,6.080075267315892e-17,4.18380922704803e+38,9.475221572179269e+37,6.841365601609959e+38,1.6430733075749272e+38,38.83514279968038,0.10430339677715675,./fits files/Other Supernova/PS1-12bwh/1/AIS_83/AIS_83_sg68-fd-int.fits
PS1-13dkh,0.03,0.0010016428422666558,0.0007112778969674802,4.728898881493714e-05,0.0005103085000910466,112.0,0.002134555158879075,7.144319001274652e-19,2.988377222430705e-18,1.5067968176605568e+36,6.303577997995172e+36,1.7148020345966277e+36,7.174658992208195e+36,36.234213990125255,1.8170696949205103,./fits files/Other Supernova/PS1-13dkh/1/AIS_175/AIS_175_sg19-fd-int.fits
PS1-14xw,0.02,0.0010013932211993572,0.0015933940629528594,0.00015966394694620048,0.045303796484697664,9252.0,0.0022128373366229843,6.342531507857673e-17,3.0979722712721783e-18,5.855965403447e+37,6.605010935261921e+36,1.492937681073567e+38,2.25243786192585e+37,38.17404167957316,0.06552325302426015,./fits files/Other Supernova/PS1-14xw/3/NGA_NGC6240/NGA_NGC6240-fd-int.fits
PS15m,0.071,0.0010037078177756835,0.00012932284861452898,3.599454071192068e-06,0.009087068141984827,112.0,0.00900747105332068,1.2721895398778758e-17,1.2610459474648953e-17,1.5955639664243878e+38,1.582297416052102e+38,3.3014860365551757e+37,3.275324614041542e+37,37.518709464789445,0.43085307360692426,./fits files/Other Supernova/PS15mt/1/AIS_192/AIS_192_sg11-fd-int.fits
PS15sv,0.033,0.00100173718282992,0.0005886076884361454,3.554129786277052e-05,0.10321183605358138,184.0,0.02368404290419203,1.4449657047501393e-16,3.3157660065868845e-17,3.704170528489003e+38,8.806796207722613e+37,3.488485203755531e+38,8.557299344503807e+37,38.54263688527963,0.10653299837165532,./fits files/Other Supernova/PS15sv/1/AIS_338/AIS_338_sg97-fd-int.fits
PSNJ03034759+0024146,0.04,0.0010019922072870748,0.0004018580929844287,1.9980164727480254e-05,0.00480671855173705,3403.05,0.001188475332615464,6.7294059724318705e-18,1.6638654656616497e-18,2.561116941363445e+37,6.468782850202853e+36,1.6467289119462829e+37,4.2390710230262216e+36,37.21662211056262,0.11179770637052584,./fits files/Other Supernova/PSN J03034759+0024146/3/MISGCSS_18524_0410/MISGCSS_18524_0410-fd-int.fits
PSNJ07250042+2347030,0.018,0.0010013552733490869,0.001965440657902975,0.00021917368434837237,0.09076878346119965,217.0,0.02045212263423058,1.2707629684567953e-16,2.863297168792282e-17,9.474556516447918e+37,2.3873608884691907e+37,2.9794685748842096e+38,8.209894483853016e+37,38.47413880918475,0.11966939008523948,./fits files/Other Supernova/PSN J07250042+2347030/1/AIS_198/AIS_198_sg05-fd-int.fits
PSNJ08351668+4819011,0.043,0.0010021164520473778,0.0003482021194093289,1.609281302651213e-05,0.04946996308246535,111.0,0.021111024782262063,6.92579483154515e-17,2.955543469516689e-17,3.0596063149540802e+38,1.313933325471929e+38,1.7045782454802837e+38,7.362499504951072e+37,38.231616941499425,0.18758264201094182,./fits files/Other Supernova/PSN J08351668+4819011/1/AIS_80/AIS_80_sg73-fd-int.fits
PSNJ10292799+2200468,0.05445,0.001002673020462815,0.0002182626156438649,7.946317457305487e-06,0.030428021419128235,108.0,0.01678514100340831,4.259922998677953e-17,2.3499197404771632e-17,3.0685492344254405e+38,1.6967887545388675e+38,1.0715993314202812e+38,5.93835836479862e+37,38.030032433976324,0.24066796178175068,./fits files/Other Supernova/PSN J10292799+2200468/1/AIS_333/AIS_333_sg44-fd-int.fits
PTF11moy,0.06,0.001002989722511664,0.00018019712107696694,5.947071835475139e-06,0.0025879717804937635,121.0,0.004624737053854681,3.623160492691269e-18,6.474631875396554e-18,3.1945535642270283e+37,5.709793245866859e+37,9.210389686397984e+36,1.646501903133747e+37,36.9642780053404,0.7763696383337699,./fits files/Other Supernova/PTF11moy/1/AIS_11/AIS_11_sg74-fd-int.fits
PTF11owc,0.07,0.0010036375757533317,0.0001329843744525163,3.754915248487816e-06,0.0060978882861144,1658.1,0.001917716259041769,8.53704360056016e-18,2.684802762658477e-18,1.0392814127818134e+38,3.2833577984679406e+37,2.211331016942669e+37,7.014011184690135e+36,37.34465375753636,0.1377517128905532,./fits files/Other Supernova/PTF11owc/2/MISDR2_03372_0766/MISDR2_03372_0766-fd-int.fits
PTF11qmo,0.055,0.0010027030385233828,0.00021397160179809893,7.711332369217294e-06,0.0018967070709491989,1304.0,0.001206038907942103,2.6553898993288785e-18,1.6884544711189442e-18,1.9531509105234954e+37,1.244135253751732e+37,6.686701262050042e+36,4.266165416413149e+36,36.8252119209057,0.27708312763275544,./fits files/Other Supernova/PTF11qmo/2/NGA_NGC3115/NGA_NGC3115-fd-int.fits
PTF11qpc,0.091,0.0010053205376714556,7.943978874144683e-05,1.7193060414434167e-06,0.004539445325169049,1491.3,0.0017446924369665423,6.3552234552366695e-18,2.4425694117531595e-18,1.3464832833937811e+38,5.184728523634897e+37,1.711429561227066e+37,6.60038121268036e+36,37.2333590292116,0.16749208989178235,./fits files/Other Supernova/PTF11qpc/2/GI1_077008_FAUSTN_24/GI1_077008_FAUSTN_24-fd-int.fits
PTF11qri,0.055,0.0010027030385233828,0.00021397160179809893,7.711332369217294e-06,0.013446032635009581,123.0,0.010455492027755751,1.8824445689013416e-17,1.4637688838858053e-17,1.3846171233418152e+38,1.0779427546248328e+38,4.740299900136385e+37,3.6943382691206557e+37,37.67580581864755,0.3384660798606749,./fits files/Other Supernova/PTF11qri/2/AIS_229/AIS_229_sg60-fd-int.fits
PTF11qzq,0.06,0.001002989722511664,0.00018019712107696694,5.947071835475139e-06,0.006616766093715634,260.05,0.005044225380574849,9.263472531201888e-18,7.061915532804789e-18,8.1676368605159e+37,6.233029090414729e+37,2.3548554372273303e+37,1.7987579655010202e+37,37.37196425127743,0.3317361424174758,./fits files/Other Supernova/PTF11qzq/1/AIS_75/AIS_75_sg80-fd-int.fits
PTF12iiq,0.029,0.0010016133902180145,0.0007608436297649201,5.234703605501179e-05,0.009751506419409254,3436.8,0.0016844522886091252,1.3652108987172955e-17,2.3582332040527756e-18,2.686543069874175e+37,5.013154835721185e+36,3.2704626892845733e+37,6.504364840803852e+36,37.51460919889521,0.08637339810975107,./fits files/Other Supernova/PTF12iiq/2/MISGCSS_18348_0410/MISGCSS_18348_0410-fd-int.fits
PTF12ik,0.045,0.0010022042623457678,0.00031822012294804625,1.4046947765381266e-05,0.027587240810863,2410.1,0.003383269533634384,3.86221371352082e-17,4.736577347088138e-18,1.8741310816099657e+38,2.45488616434106e+37,9.54217957137085e+37,1.3189758252475912e+37,37.979647585155384,0.06003072132361092,./fits files/Other Supernova/PTF12ikt/2/GI3_121007_J011536p002330/GI3_121007_J011536p002330-fd-int.fits
PTF13ddg,0.084,0.001004711094526195,9.2935599995649e-05,2.1814871186378034e-06,6.699129682021744e-05,139.0,0.0006942274198472022,9.378781554830441e-20,9.719183877860832e-19,1.676801284476952e+36,1.7376658749471423e+37,2.493352535141447e+35,2.5838629592957076e+36,35.39678368774661,4.50059672429223,./fits files/Other Supernova/PTF13ddg/2/AIS_165/AIS_165_sg32-fd-int.fits
SN2011f,0.008,0.001001225440879338,0.009906980311880054,0.002554833337575377,2.0776865440420274,184.0,0.10626276255455128,2.9087611616588385e-15,1.4876786757637178e-16,4.2183882355194736e+38,1.0841279751156275e+38,6.686638271545257e+39,2.4344549385120185e+39,39.825207829716874,0.15811687477354125,./fits files/Other Supernova/SN2011fe/2/AIS_101/AIS_101_sg32-fd-int.fits
SN2011fs,0.021,0.001001413692468814,0.0014458855029418126,0.0001378917116089621,0.01723559864291674,157.05,0.010475968991306869,2.4129838100083436e-17,1.4666356587829617e-17,2.4599750871186543e+37,1.514078479783755e+37,5.690947705700615e+37,3.5444932109416813e+37,37.75518459488086,0.27049165134895586,./fits files/Other Supernova/SN2011fs/2/AIS_41/AIS_41_sg10-fd-int.fits
SN2011gf,0.027,0.0010015574788618097,0.0008769673171590443,6.485507629283024e-05,0.00893899610017537,2488.55,0.0018952704077340534,1.2514594540245517e-17,2.653378570827675e-18,2.128300672962133e+37,4.7914826669076945e+36,2.9863202100406243e+37,7.076603297920882e+36,37.47513637338155,0.10291360426026064,./fits files/Other Supernova/SN2011gf/1/MISDR1_20359_0639/MISDR1_20359_0639-fd-int.fits
SN2011ha,0.094,0.001005596531151547,7.455183073026656e-05,1.561281353806993e-06,0.001904953188935356,13321.1,0.00037815697666223475,2.6669344645094985e-18,5.294197673271287e-19,6.054069400107191e+37,1.2096925024386198e+37,7.221471314337242e+36,1.4508602708071018e+36,36.85862569045047,0.0872537717311434,./fits files/Other Supernova/SN2011ha/4/WDST_HZ_4_ST/WDST_HZ_4_ST-fd-int.fits
SN2011hk,0.018,0.0010013552733490869,0.001965440657902975,0.00021917368434837237,0.16011442769536516,30536.5,0.0022898424548415458,2.2416019877351125e-16,3.2057794367781644e-18,1.671293958618404e+38,1.9001982229624028e+37,5.255726556121956e+38,8.370006848194945e+37,38.72063276175405,0.06916356375940697,./fits files/Other Supernova/SN2011hk/2/XMMLSS_08/XMMLSS_08-fd-int.fits
SN2011ho,0.032,0.0010017047386650542,0.0006256955540274102,3.897347224659592e-05,0.0041035523221563215,108.0,0.0061640781699474475,5.74497325101885e-18,8.629709437926426e-18,1.382748055805706e+37,2.0789611447318926e+37,1.3842868973722806e+37,2.0830601229217447e+37,37.14122610820826,0.6535216930644181,./fits files/Other Supernova/SN2011ho/1/AIS_106/AIS_106_sg97-fd-int.fits
SN2011hr,0.013,0.0010012778752494357,0.0037598873314432673,0.0005844547075088658,1.190027398219553,105.0,0.10645935364263023,1.6660383575073743e-15,1.4904309509968232e-16,6.429656560026544e+38,1.1539361005987423e+38,3.867965479291983e+39,9.183698857138516e+38,39.58748258944925,0.10311440881438591,./fits files/Other Supernova/SN2011hr/1/AIS_85/AIS_85_sg74-fd-int.fits
SN2011io,0.04,0.0010019922072870748,0.0004018580929844287,1.9980164727480254e-05,0.0023790520689356554,3764.05,0.0007950130949414752,3.3306728965099176e-18,1.1130183329180652e-18,1.2676070988044359e+37,4.286161843299414e+36,8.150370742065197e+36,2.78551992612919e+36,36.911177364270166,0.14842710490528307,./fits files/Other Supernova/SN2011io/1/NGA_NGC7469/NGA_NGC7469-fd-int.fits
SN2011iy,0.00427,0.001001202585076579,0.03471891577823801,0.01821312332043495,6.19271748313291,96.0,0.2539832161309833,8.669804476386073e-15,3.555765025833766e-16,3.561253162263572e+38,1.6819568670740398e+38,1.9782855776898034e+40,1.396414126611905e+40,40.29628898486608,0.3065558160452766,./fits files/Other Supernova/SN2011iy/1/AIS_230/AIS_230_sg94-fd-int.fits
SN2011jh,0.00779,0.0010012237849572015,0.010447369063249062,0.002771756472834541,1.354769055873438,103.0,0.11468695554998676,1.8966766782228132e-15,1.6056173776998148e-16,2.607265011574751e+38,7.094650989509657e+37,4.3582495714588404e+39,1.65631794563866e+39,39.63931209612685,0.1650501496699324,./fits files/Other Supernova/SN2011jh/1/AIS_331/AIS_331_sg93-fd-int.fits
SN2012bh,0.02524,0.0010015115780978394,0.001002761914596816,7.938826326025339e-05,0.01193783808744132,13755.6,0.000931586265936969,1.671297332241785e-17,1.3042207723117567e-18,2.477226362076704e+37,2.784035188951199e+36,3.974509199561185e+37,5.46379434855622e+36,37.59928350655664,0.059702861829936726,./fits files/Other Supernova/SN2012bh/1/PS_NGC4258_MOS26/PS_NGC4258_MOS26-fd-int.fits
SN2012bm,0.0248,0.0010015005858530612,0.0010384596559171954,8.368981824132953e-05,0.039484980105350655,1572.2,0.005011434679296158,5.527897214749092e-17,7.016008551014621e-18,7.905098465205445e+37,1.1957142667752364e+37,1.3134601331470071e+38,2.2511178819982477e+37,38.11841689538092,0.07443302233491944,./fits files/Other Supernova/SN2012bm/2/GI1_047086_UGC08215/GI1_047086_UGC08215-fd-int.fits
SN2012bo,0.02543,0.0010015163844710802,0.0009879157147219709,7.762196776238715e-05,0.054457121132754166,96.0,0.023817254911348944,7.623996958585584e-17,3.334415687588852e-17,1.1474494937323775e+38,5.10230885258208e+37,1.8137334187327764e+38,8.189978133652428e+37,38.258573455115936,0.19610722687343213,./fits files/Other Supernova/SN2012bo/1/AIS_330/AIS_330_sg02-fd-int.fits
SN2012bp,0.02829,0.0010015930848223866,0.0007992642487540892,5.638520517704565e-05,0.025228683888166157,227.05,0.010541115014995354,3.5320157443432624e-17,1.4757561020993497e-17,6.607272039436376e+37,2.801714554086963e+37,8.449530116662421e+37,3.63214301233175e+37,37.92683255824973,0.18668726496737043,./fits files/Other Supernova/SN2012bp/3/AIS_10/AIS_10_sg73-fd-int.fits
SN2012fb,0.038,0.0010019143593461592,0.00044487946849582066,2.329528568976449e-05,0.046681197579486335,91.0,0.02264906598436074,6.535367661128087e-17,3.170869237810504e-17,2.2381082526901352e+38,1.0926586486019601e+38,1.5931014558286352e+38,7.822230890742626e+37,38.2022434344976,0.21324139147532745,./fits files/Other Supernova/SN2012fb/1/AIS_63/AIS_63_sg04-fd-int.fits
SN2012fm,0.014,0.0010012913579293614,0.003243350583015602,0.0004672858427395819,0.17858909514846782,282.05,0.0251631161548872,2.5002473320785495e-16,3.5228362616842084e-17,1.1207886059787228e+38,2.262677840304796e+37,5.816176605821334e+38,1.4425316722625023e+38,38.76463758522533,0.10771398251683686,./fits files/Other Supernova/SN2012fm/1/AIS_93/AIS_93_sg08-fd-int.fits
SN2012fr,0.005,0.0010012059645567563,0.025329034183305878,0.01099662959550734,2.0873118212469954,200.0,0.10215947898025478,2.9222365497457937e-15,1.430232705723567e-16,1.6477358159264492e+38,6.673510020917431e+37,6.677689089065348e+39,3.964776759967017e+39,39.82462619458558,0.2578557710408369,./fits files/Other Supernova/SN2012fr/2/AIS_423/AIS_423_sg49-fd-int.fits
SN2013ar,0.06,0.001002989722511664,0.00018019712107696694,5.947071835475139e-06,0.0,109.0,0.0,0.0,0.0,0.0,0.0,0.0,0.0,-inf,nan,./fits files/Other Supernova/SN2013ar/1/AIS_80/AIS_80_sg62-fd-int.fits
SN2013b,0.06585,0.0010033566693673913,0.00014999473218232063,4.505535844721254e-06,0.00035967891717013947,108.05,0.0018245051030702799,5.035504840381952e-19,2.554307144298392e-18,5.392844651351318e+36,2.735625236433802e+37,1.2942372626884818e+36,6.565385096887642e+36,36.11201389954045,2.2030817697407383,./fits files/Other Supernova/SN2013be/4/AIS_223/AIS_223_sg23-fd-int.fits
SN2013bo,0.036,0.0010018404980155398,0.0004952470448149612,2.7388158607281676e-05,0.027829536485614585,224.0,0.011146254859803681,3.896135107986042e-17,1.5604756803725154e-17,1.1939615656341286e+38,4.830479653921839e+37,9.460894992047142e+37,3.8632426497739315e+37,37.9759322222075,0.17733892686267702,./fits files/Other Supernova/SN2013bo/1/AIS_108/AIS_108_sg22-fd-int.fits
SN2013bq,0.06,0.001002989722511664,0.00018019712107696694,5.947071835475139e-06,2.198089631401959e-07,199.0,3.323503521054437e-05,3.0773254839627425e-22,4.652904929476212e-20,2.713288884914301e+33,4.102483026048037e+35,7.822829531387053e+32,1.1828090370745046e+35,32.89336386656399,65.6651708803982,./fits files/Other Supernova/SN2013bq/1/AIS_108/AIS_108_sg25-fd-int.fits
SN2013ck,0.049,0.00100239183130352,0.0002688627442681873,1.0889678671337699e-05,0.0,112.0,0.0,0.0,0.0,0.0,0.0,0.0,0.0,-inf,nan,./fits files/Other Supernova/SN2013ck/1/AIS_115/AIS_115_sg10-fd-int.fits
SN2013cs,0.00924,0.0010012361165399621,0.007430366255337781,0.0016454501260093602,0.6978733256596863,112.0,0.07893675886548777,9.770226559235608e-16,1.105114624116829e-16,1.8938345838542173e+38,4.655721403470737e+37,2.2515015336099268e+39,7.4495454113313e+38,39.35247224711867,0.1436950593429793,./fits files/Other Supernova/SN2013cs/1/AIS_234/AIS_234_sg45-fd-int.fits
SN2013da,0.0216,0.0010014264543460117,0.0013670318534684464,0.00012670326644703233,1.5748799329618561,189.1,0.09125947240310991,2.2048319061465987e-15,1.2776326136435388e-16,2.3802213108427353e+39,2.633410626498911e+38,5.206141360362302e+39,7.514013587007061e+38,39.71651595616504,0.06268163716469138,./fits files/Other Supernova/SN2013da/2/AIS_225/AIS_225_sg87-fd-int.fits
SN2013fn,0.027,0.0010015574788618097,0.0008769673171590443,6.485507629283024e-05,0.0,192.0,0.0,0.0,0.0,0.0,0.0,0.0,0.0,-inf,nan,./fits files/Other Supernova/SN2013fn/1/AIS_248/AIS_248_sg12-fd-int.fits
SN2013fw,0.01695,0.0010013369492653432,0.002215476587336405,0.00026262451646899185,0.42400680378365296,121.0,0.0591961865347818,5.936095252971142e-16,8.287466114869452e-17,3.9182452671246445e+38,7.205311283675041e+37,1.388924904441012e+39,3.0387930944627467e+38,39.14267876519872,0.0950181732900828,./fits files/Other Supernova/SN2013fw/1/AIS_160/AIS_160_sg46-fd-int.fits
SN2014aa,0.01698,0.0010013374575356824,0.0022076837659398348,0.0002612303306339964,0.11247427223822686,941.6,0.010929325736211462,1.574639811335176e-16,1.5301056030696047e-17,1.0431047130123817e+38,1.606418047888449e+37,3.684552545748424e+38,7.155866918296863e+37,38.56638475441719,0.0843454796006741,./fits files/Other Supernova/SN2014aa/2/GI5_063012_A1367_FIELD1/GI5_063012_A1367_FIELD1-fd-int.fits
SN2014J,0.00068,0.0010011937104596816,1.3668870762855534,2.95010021860266,64.60719527858345,11527.35,0.07486446258852178,9.045007339001683e-14,1.0481024762393049e-16,9.369694826986317e+37,2.7605530990059686e+38,2.049170362839552e+41,7.483969034680798e+41,41.31157806604662,1.586127983030549,./fits files/Other Supernova/SN2014J/2/NGA_M82/NGA_M82-fd-int.fits
SNhunt175,0.0409,0.0010020285392462755,0.0003845197560211867,1.869323706711368e-05,0.004206568155115441,188.0,0.00473025998590503,5.889195417161618e-18,6.622363980267042e-18,2.346464804731047e+37,2.6412427429950716e+37,1.4436193187639738e+37,1.6264908327654856e+37,37.1594526852304,0.4893090473055417,./fits files/Other Supernova/SNhunt175/1/AIS_357/AIS_357_sg54-fd-int.fits
SNhunt206,0.027,0.0010015574788618097,0.0008769673171590443,6.485507629283024e-05,0.0080563638775876,312.05,0.005081096781260283,1.127890942862264e-17,7.113535493764397e-18,1.9181532769615062e+37,1.2184502639784477e+37,2.6914523731148176e+37,1.7212132256082578e+37,37.42998669911495,0.2777360705051102,./fits files/Other Supernova/SNhunt206/1/AIS_184/AIS_184_sg72-fd-int.fits
SNhunt263,0.0268,0.001001552107213611,0.0008900273016902802,6.63174597815422e-05,0.034592454231852254,125.0,0.016635493548280263,4.842943592459316e-17,2.3289690967592368e-17,8.112160261118825e+37,3.9498737470241116e+37,1.1552070572932328e+38,5.690273211263675e+37,38.06265983338878,0.2139230573923353,./fits files/Other Supernova/SNhunt263/1/AIS_85/AIS_85_sg15-fd-int.fits
