sn,Redshift,Redshift Error,NUV Exposure Time,NUV 1kpc Luminosity,NUV 1kpc Luminosity Error,NUV 1kpc Surface Brightness,NUV 1kpc Surface Brightness Error,NUV 5kpc Surface Brightness,NUV 5kpc Surface Brightness Error,FUV Exposure Time,FUV 1kpc Luminosity,FUV 1kpc Luminosity Error,FUV 1kpc Surface Brightness,FUV 1kpc Surface Brightness Error,FUV 5kpc Surface Brightness,FUV 5kpc Surface Brightness Error
b'ASASSN-14ay',0.030869,0.0010016692461212056,67.05,7.030334633856235e+34,6.949662333905912e+35,2.905836822320013e+34,2.8725537377952178e+35,9.893684783938824e+37,1.909844766300339e+37,67.05,0.0,0.0,0.0,0.0,1.1454506922557909e+38,4.819472394774538e+37
b'ASASSN-15fj',0.045,0.0010022042623457678,109.0,2.6453795073209532e+36,4.926957343687551e+36,2.3091803061192883e+36,4.301999586066225e+36,1.5902665283934706e+38,3.7091474304450853e+37,109.0,0.0,0.0,0.0,0.0,1.2932642118124748e+38,8.428454750477853e+37
b'CSS130218:092354+385837',0.05,0.001002441211974061,1662.0,3.3517860083300924e+36,1.5895033225188813e+36,3.6041111634702414e+36,1.7151267435264088e+36,1.3024948002052752e+38,1.2678289069243106e+37,1662.0,,,,,3.7873506934580435e+37,1.4551801031839736e+37
b'CSS130317:082848+293031',0.08,0.0010043845794634766,222.0,,,,,7.220158187726483e+37,5.4232922904537395e+37,215.0,,,,,3.203352294279658e+38,3.024781847063083e+38
b'CSS140501:170414+174839',0.07,0.0010036375757533317,135.0,1.1847210593121902e+37,1.483928711537539e+37,2.4746454949846786e+37,3.100417290885509e+37,3.753166079548226e+38,1.21667309184087e+38,135.0,,,,,8.825997825858099e+38,4.838093177950786e+38
b'LSQ12fhs',0.033,0.00100173718282992,170.0,3.3910078876942655e+37,1.047793712194794e+37,1.6002961802508217e+37,5.037973042268797e+36,2.4883032053821916e+38,2.879789340267085e+37,170.0,3.5242170844861846e+36,8.628351845257645e+36,1.6631607255012123e+36,4.0731553033252374e+36,2.406246031704967e+38,5.321389572392874e+37
b'LSQ12fm',0.067,0.0010034327996752072,1696.15,7.074661634013058e+36,3.0969635512536983e+36,1.3556300693638013e+37,5.947791160996625e+36,3.613846965427446e+38,3.42969459633939e+37,100.05,0.0,0.0,0.0,0.0,0.0,0.0
b'LSQ13cm',0.057,0.0010028147303784605,120.0,0.0,0.0,0.0,0.0,1.6356037108059809e+38,5.627849122787056e+37,120.0,0.0,0.0,0.0,0.0,5.525979908784552e+36,2.667693304530789e+37
b'LSQ13crf',0.06,0.001002989722511664,2770.35,1.1151341498616758e+38,9.393477955001078e+36,1.7190035235933724e+38,1.5550802722187227e+37,3.573318961747968e+39,1.8175683496792653e+38,1517.75,2.3319899343207542e+38,4.430301454867015e+37,3.594813157303903e+38,6.9315770734117175e+37,6.669860286422676e+39,4.314368471276109e+38
b'LSQ13cwp',0.067,0.0010034327996752072,179.05,1.120602720839753e+37,1.1970782588227e+37,2.147272651002456e+37,2.2946879294514253e+37,3.925050541205114e+38,9.947513978502158e+37,179.05,2.0695321680333254e+36,1.3405432264795043e+37,3.9655890014774046e+36,2.5687441331857934e+37,1.1723779387021136e+39,4.4454081792160555e+38
b'LSQ14ac',0.06,0.001002989722511664,344.15,2.4162830270343484e+37,1.1324027420969199e+37,3.7247527913893844e+37,1.7499416307552793e+37,5.867495474950573e+38,7.4611892869378535e+37,180.05,2.2419774842393558e+37,3.9213060286189616e+37,3.4560570095557682e+37,6.045853277037455e+37,7.107336273071892e+38,2.7618266920998438e+38
b'LSQ14ag',0.06,0.001002989722511664,104.0,4.357127871952146e+37,2.762716945950849e+37,6.716607293895269e+37,4.264546783771125e+37,1.5520800728674734e+39,2.175688485407895e+38,104.0,7.051956616837557e+37,9.152091772352122e+37,1.0870744362079707e+38,1.4112704231157996e+38,2.0971085679247206e+39,6.2755956968981265e+38
b'LSQ14ahm',0.05,0.001002441211974061,186.0,8.94681771710796e+36,7.741832855936395e+36,9.620341373710553e+36,8.333379887182435e+36,2.4909855086386036e+38,4.46651634680982e+37,75.0,8.786250169787974e+36,3.1462649367173433e+37,9.44768617187226e+36,3.3833257080184333e+37,2.201095842994319e+38,1.6377318558243674e+38
b'PS1-10w',0.031255,0.0010016812160008914,34095.85,3.6468499644891084e+37,2.4957283120247526e+36,1.5450176020735417e+37,1.44404300597182e+36,3.406398047001639e+38,3.1169698108052233e+37,16222.5,4.841007842947262e+37,4.434764676639361e+36,2.0509322845633961e+37,2.2878991962604124e+36,4.850620391116627e+38,4.479545635657693e+37
b'PS1-12bwh',0.025,0.001001505558378996,1547.0,7.459340742196002e+37,7.177857227272646e+36,2.0274352904403719e+37,2.532974394945906e+36,3.992133849154432e+38,4.577143043590302e+37,109.0,1.3438875407019767e+38,5.127841441939593e+37,3.652661971840937e+37,1.4238034790435665e+37,4.9242929650158824e+38,7.519677759039106e+37
b'PS1-13dkh',0.03,0.0010016428422666558,112.0,3.289851366228981e+36,3.579452387236582e+36,1.2847968503259338e+36,1.4004914835018573e+36,7.663968036410219e+37,1.3013008804992984e+37,112.0,2.605960377319941e+37,2.712916001390062e+37,1.0177145749574281e+37,1.0616330933045377e+37,9.306905573079271e+37,3.219823526711041e+37
b'PS1-14r',0.06,0.001002989722511664,1623.15,5.632620880722727e+37,8.178536418633976e+36,8.682807483053957e+37,1.2928604137056408e+37,1.6381631110835846e+39,9.492022226599196e+37,,,,,,,
b'PS1-14xw',0.02,0.0010013932211993572,26839.25,1.262478373940635e+37,1.3179080251238007e+36,2.200889568747609e+36,3.1770545841539147e+35,7.368082946051201e+37,1.0496168768566329e+37,9252.0,1.2138281660998375e+37,1.794083814322834e+36,2.116077236778706e+36,3.77270026180825e+35,8.774670625591211e+37,1.2579982735992708e+37
b'PS15m',0.071,0.0010037078177756835,112.0,3.7940029753250533e+37,2.960529252659622e+37,8.149292461917433e+37,6.363081228543626e+37,2.3306392346932646e+39,3.52810720648018e+38,112.0,9.627167340709444e+37,1.2288617423197042e+38,2.0678582159661995e+38,2.640148761950338e+38,2.9052674965603397e+39,9.961409064656484e+38
b'PS15sv',0.033,0.00100173718282992,185.0,5.33352295357484e+37,1.2777099076726326e+37,2.51701461410916e+37,6.217716789794338e+36,2.0186789151885584e+38,2.4034919021137996e+37,184.0,1.632213278758181e+38,5.732992891454133e+37,7.7027974037755705e+37,2.7450764108010483e+37,2.869624701442321e+38,5.708999287689424e+37
b'PSNJ03034759+0024146',0.04,0.0010019922072870748,3403.05,4.460310514016013e+36,1.0394806154890547e+36,3.083116066123954e+36,7.346534136229675e+35,9.006703348242314e+37,7.478749195071062e+36,3403.05,6.32160068527957e+36,3.1629346500276236e+36,4.3697021934145246e+36,2.197067660885911e+36,1.025335630438655e+38,1.2840080477122448e+37
b'PSNJ07250042+2347030',0.018,0.0010013552733490869,217.0,2.808599329609786e+37,5.469416290428835e+36,3.9694227211090703e+36,8.894081350092358e+35,9.482512450655124e+37,1.530751967557287e+37,217.0,2.684097831328165e+37,1.1759079777410965e+37,3.793463455263967e+36,1.7142729630289022e+36,9.4501406842182e+37,1.6957210807222682e+37
b'PSNJ08351668+4819011',0.043,0.0010021164520473778,111.0,3.275650362546711e+37,1.6463263583086853e+37,2.613145721308954e+37,1.3188838230116494e+37,4.696351122235928e+38,6.365329164819719e+37,111.0,1.5712591052065843e+38,9.387195957031554e+37,1.2534698619806593e+38,7.510948842173256e+37,8.691428574592999e+38,2.0491442208365153e+38
b'PSNJ10292799+2200468',0.05445,0.001002673020462815,283.0,1.9934792802585713e+37,1.025223587916449e+37,2.5370549275364875e+37,1.3080392012675627e+37,4.851675692017106e+38,6.240333126571405e+37,108.0,9.656466917527701e+37,9.502893366190702e+37,1.228956188224289e+38,1.2102374740356728e+38,9.579525389370623e+38,3.411751650416521e+38
b'PTF10bjs',0.030027,0.0010016436513017115,176.05,2.6531007218742106e+37,8.298923910732438e+36,1.037978025452016e+37,3.3188847862859666e+36,3.692229563878947e+38,3.9880481714515367e+37,89.05,1.2258090882971527e+38,6.435800848272483e+37,4.795757984465017e+37,2.5378738259706177e+37,6.1454908162065454e+38,1.0678760080854618e+38
b'PTF10icb',0.008544,0.0010012299353295549,418.1,1.1734349322157291e+38,2.772803020955634e+37,3.751937284444523e+36,1.2475438227057202e+36,1.4858703806829765e+37,4.940579819474782e+36,102.05,1.4320553691709651e+38,3.8297651966367077e+37,4.5788494832312686e+36,1.626899585801026e+36,1.4494106595606144e+37,4.923598865088829e+36
b'PTF11moy',0.06,0.001002989722511664,121.0,1.969007130890188e+36,5.437015020248112e+36,3.0352672782916395e+36,8.381874746285539e+36,3.452370121118888e+38,9.090255172509086e+37,121.0,,,,,3.487784592373315e+38,2.3479522173849552e+38
b'PTF11owc',0.07,0.0010036375757533317,3351.15,9.743002360473017e+36,2.7160789114014065e+36,2.0351184533655023e+37,5.702348978675983e+36,5.8094006896947095e+38,3.85059407058549e+37,1658.1,3.848509786877928e+37,1.9922926485916942e+37,8.038767718057661e+37,4.167681554023318e+37,4.9763558413231296e+38,1.0538532757278578e+38
b'PTF11qmo',0.055,0.0010027030385233828,112.0,7.150672424131281e+36,9.839357005031921e+36,9.2829977384862e+36,1.2777820650438238e+37,2.456003789037733e+38,6.692107175995617e+37,1304.0,1.707322824560819e+36,3.6724362168638084e+36,2.2164452486703616e+36,4.7682222561300646e+36,2.150936404031088e+38,4.82868006221308e+37
b'PTF11qpc',0.091,0.0010053205376714556,3153.55,2.7238020488836393e+37,6.173054052250847e+36,9.524341545116693e+37,2.168352497300027e+37,2.407547986350359e+39,1.3251673398932843e+38,1491.3,3.329322031511956e+37,2.5745111584845723e+37,1.164166836382179e+38,9.005838372620159e+37,2.1884718350673296e+39,3.9634521571010034e+38
b'PTF11qri',0.055,0.0010027030385233828,123.0,6.326563940859474e+37,2.8019870477462036e+37,8.213140705088551e+37,3.64954452492296e+37,1.054621195732456e+39,1.4109373345099196e+38,123.0,2.7816587614646513e+37,4.826927664003092e+37,3.611147380318398e+37,6.267663473725052e+37,1.3092035150325984e+39,3.833781746852584e+38
b'PTF11qzq',0.06,0.001002989722511664,260.05,2.2254453310076517e+37,1.24915102898971e+37,3.4305723361096095e+37,1.9289153740051382e+37,7.325959427741232e+38,9.552178861575655e+37,260.05,1.8410046796560515e+37,2.9568328994997334e+37,2.8379487182534923e+37,4.55898329507748e+37,6.321442765420623e+38,2.1720028445106267e+38
b'PTF12iiq',0.029,0.0010016133902180145,3436.8,8.51023363657234e+36,1.168174791611388e+36,3.1070166003323943e+36,4.7683663911812235e+35,7.894582265826672e+37,7.988258672755516e+36,3436.8,7.704122087445727e+36,2.5439098090404964e+36,2.8127118759482557e+36,9.486133241179101e+35,6.731246872974749e+37,7.976198981557351e+36
b'PTF12ik',0.045,0.0010022042623457678,2410.1,3.43582599820634e+37,4.092692725092685e+36,2.999169574102297e+37,3.809513151625535e+36,5.833146070740909e+38,3.9917165329685783e+37,2410.1,6.084027084695817e+37,1.3391479025049695e+37,5.310812867112532e+37,1.192186489493786e+37,8.328767650525465e+38,6.976531882566289e+37
b'PTF13ayw',0.0538,0.0010026379323883694,231.05,1.4133139472198677e+37,9.424941943404657e+36,1.7565125753707387e+37,1.1731471666531442e+37,2.9170648725946012e+38,5.013980340848261e+37,,,,,,,
b'PTF13dad',0.086,0.0010048802831501993,151.0,4.2794098130978235e+37,3.3139782448924115e+37,1.3395033791569706e+38,1.0377664209486954e+38,9.502719746137669e+38,2.7800135105215653e+38,151.0,,,,,1.3163038044437842e+38,2.6796844056191243e+38
b'PTF13ddg',0.084,0.001004711094526195,228.0,3.0410571367758616e+36,7.009261639356868e+36,9.089499541493237e+36,2.095126119703805e+37,9.66454907391075e+38,2.1857559967758455e+38,228.0,1.0384204940993225e+37,3.376478482521554e+37,3.1037636520699956e+37,1.0092312469627354e+38,2.27263979869989e+39,8.671060903595011e+38
b'SN2005ao',0.038407,0.001001929878341306,74.0,5.739821417315839e+37,2.3849697881424456e+37,3.660405195455853e+37,1.5326881328319909e+37,7.060916935485568e+38,8.4604020397996595e+37,74.0,1.9456589498274357e+36,1.1351767710584953e+37,1.24078775465875e+36,7.239546293963866e+36,9.225529903427867e+38,2.0902395022267697e+38
b'SN2005bl',0.02406,0.0010014825345776254,105.0,4.078630951797125e+36,3.3130016191676256e+36,1.0271895985278963e+36,8.386931396690487e+35,3.773019062070803e+37,6.712320669570875e+36,105.0,0.0,0.0,0.0,0.0,9.306134863660333e+36,6.574955485242713e+36
b'SN2005bo',0.013896,0.0010012899092071308,203.0,1.2965262974612784e+38,2.0364436960832579e+37,1.094027090213283e+37,2.328846452531224e+36,2.3542941127756418e+38,4.825889573019256e+37,96.0,1.38898858135493e+38,3.6107202193235605e+37,1.1720480633325478e+37,3.481164506397035e+36,3.1820514648246113e+38,6.641637314224982e+37
b'SN2005cf',0.006461,0.0010012143266978476,204.0,2.4774220259314686e+38,7.732020925356516e+37,4.5338221173434886e+36,1.9927458235154347e+36,1.4199415607591316e+37,6.236822718957888e+36,2921.95,3.778255737214398e+38,1.1775866379689722e+38,6.914421219744342e+36,3.0370030015364227e+36,1.8504177628752433e+37,8.125962156526779e+36
b'SN2005ch',0.027,0.0010015574788618097,9142.25,1.2513259083668572e+37,1.17338711511536e+36,3.963551700283795e+36,4.7284719043914e+35,5.821956658817636e+37,6.210234286654018e+36,8335.15,2.4593729419004976e+37,3.2390386405287324e+36,7.790018363979923e+36,1.1758667978831462e+36,6.243360663680251e+37,7.013444006797304e+36
b'SN2005eq',0.028977,0.001001612724556265,300.0,1.0399490413107655e+37,1.7394385561111328e+36,3.7907869186476835e+36,6.854424012310322e+35,1.1698890273356525e+38,1.3798734503776962e+37,1693.05,9.817894476386798e+36,4.0535410602392337e+36,3.578785543457104e+36,1.4978938369241044e+36,1.5710482009649221e+38,1.8239013290742426e+37
b'SN2005eu',0.03412,0.001001774704144612,3352.3,3.0351971193944667e+37,2.908689844976867e+36,1.530505208324284e+37,1.7166443470271216e+36,2.028345232257155e+38,1.749797927240492e+37,4480.2,5.613492474898345e+37,7.718713177526668e+36,2.830616639302532e+37,4.227350324285287e+36,2.4500208733882814e+38,2.2967758225789797e+37
b'SN2005iq',0.034044,0.0010017721184980269,112.0,4.169301570367396e+37,1.469271414212802e+37,2.0930945781367774e+37,7.476749019207446e+36,2.3273084369430127e+38,3.113307138850482e+37,112.0,3.703236346168404e+37,3.5635580591150176e+37,1.8591180769495417e+37,1.7922888133962177e+37,3.1812133744861338e+38,7.85419008238261e+37
b'SN2005ke',0.00488,0.0010012053724706158,213.0,1.1147788738057004e+37,4.6542914861681e+36,1.164634673606249e+35,6.814004386286345e+34,3.019171232752678e+36,1.754851103539906e+36,1690.1,1.0189262069241319e+37,4.250519998503834e+36,1.0644952270926964e+35,6.225444419403801e+34,3.163678725643086e+36,1.8387547421932397e+36
b'SN2005ls',0.021118,0.001001416173919727,112.0,9.56818572822214e+37,1.6324308119726834e+37,1.8588221028577264e+37,3.624449347137098e+36,5.092709041301638e+38,7.005291343871657e+37,112.0,1.2726391469047134e+38,4.2317255644543725e+37,2.472370251186622e+37,8.54591261473939e+36,6.02834132124324e+38,9.012670451561768e+37
b'SN2006D',0.008526,0.001001229781888266,304.0,3.323940182011313e+37,8.091188615449041e+36,1.0583305065913744e+36,3.576619846558539e+35,4.6567368054391545e+37,1.5509468392934266e+37,106.0,2.9356637558349263e+37,1.058719985480874e+37,9.347046997743293e+35,4.020505536499148e+35,6.633924481495177e+37,2.219083852783918e+37
b'SN2006E',0.002686,0.0010011970825267245,110.0,8.32170081337802e+36,6.237086876099286e+36,2.6363081362982855e+34,2.7859839150197824e+34,5.2010226191514404e+35,5.487779249507998e+35,1675.0,3.135724632011703e+36,2.476832676552191e+36,9.933950457908483e+33,1.0786144593620401e+34,3.1295016807470183e+35,3.3019748677318095e+35
b'SN2006N',0.014277,0.0010012952692353163,621.0,1.5511601344513916e+37,2.6904002236327825e+36,1.3814204109988045e+36,3.0776673438317754e+35,2.263171443990532e+37,4.541613941860442e+36,621.0,4.161216257241834e+36,2.173344924018493e+36,3.705864368650107e+35,2.0036875687079904e+35,1.5830431660369485e+37,3.3795873150476144e+36
b'SN2006X',0.00524,0.0010012071918758998,6466.1,6.4530268817212215e+37,2.476593738263049e+37,7.771770010508523e+35,4.206690677233837e+35,2.4211246276136803e+37,1.3103536317346995e+37,4805.1,7.096727509205477e+37,2.729450297193008e+37,8.547017553114958e+35,4.631281129222119e+35,2.705717945051954e+37,1.464397981715334e+37
b'SN2006ac',0.023106,0.0010014600694486149,213.0,6.479211154157646e+37,1.0499875793516198e+37,1.50555834913706e+37,2.763842895302196e+36,4.8087378763984836e+38,6.043916841965091e+37,213.0,8.671904726764106e+37,2.7644907878917714e+37,2.0150691579055718e+37,6.654718992239938e+36,6.4609075247019896e+38,8.703124412168477e+37
b'SN2006ax',0.016725,0.0010013331658788821,220.0,1.1448148000247096e+37,2.968893511831694e+36,1.397657980634099e+36,3.9897573356629165e+35,6.1981126023849935e+37,1.07579680096139e+37,108.0,3.716151248238875e+36,5.581311003377069e+36,4.5368984129418384e+35,6.835460426104635e+35,4.675019742391469e+37,1.0525457137871343e+37
b'SN2006cp',0.022289,0.0010014415524557709,93.0,8.663444982383437e+36,4.765408667059556e+36,1.873926689753679e+36,1.0443027313585844e+36,9.185441862405441e+37,1.373190960944053e+37,93.0,5.359891272527853e+37,3.0862083690899794e+37,1.1593590459905586e+37,6.755574698658861e+36,1.1695625617382767e+38,2.5726142717927756e+37
b'SN2006cz',0.0418,0.0010020656782187606,190.0,1.184267604307987e+37,7.338187955342187e+36,8.932272590995266e+36,5.551027720052242e+36,3.9673991790866456e+38,4.5735143379062795e+37,105.0,0.0,0.0,0.0,0.0,3.432441573533484e+38,1.222220145705513e+38
b'SN2006le',0.017432,0.001001345224229898,221.0,7.000361547704964e+36,2.2854097222819112e+36,9.281427730939107e+35,3.2109092464177773e+35,3.059201555204011e+37,5.2520607046790143e+36,221.0,1.5964356167667748e+37,8.608770358707407e+36,2.1166337914326396e+36,1.1668173111251776e+36,4.0616378275754345e+37,8.2341541700373e+36
b'SN2006lf',0.013189,0.0010012803469483583,110.0,8.948595033199137e+36,2.922771689953858e+36,6.804229458390963e+35,2.4495309404858745e+35,1.7593304725547084e+37,3.920677206578498e+36,,,,,,,
b'SN2007S',0.01388,0.0010012896872853652,421.05,9.996380787565654e+37,1.52977941584104e+37,8.415731562416407e+36,1.76749398490924e+36,1.1616311035432877e+38,2.383738927077457e+37,215.0,1.1487938354321663e+38,2.470141408188229e+37,9.671440839450299e+36,2.501971746567964e+36,1.4101672214231802e+38,2.9467419451640675e+37
b'SN2007ca',0.014066,0.0010012922829124493,111.0,3.0150919095773467e+37,6.644566021155952e+36,2.6066148983076578e+36,6.832671619441325e+35,5.378833079965009e+37,1.105024925756756e+37,111.0,4.965745631564777e+37,1.4249833765282788e+37,4.2929989972535754e+36,1.374381616197494e+36,7.367321325214713e+37,1.6065735074306658e+37
b'SN2007cq',0.026218,0.0010015367027663162,435.1,3.4637769904174138e+37,5.792232041110993e+36,1.0348662722446544e+37,1.9007126387968757e+36,2.115884475029577e+38,2.4042650064199146e+37,435.1,3.1677880523709655e+37,1.6839349981104317e+37,9.464342023425823e+36,5.082168778485532e+36,2.9689363720244185e+38,3.8740954452901155e+37
b'SN2007fb',0.018026,0.0010013557410531108,160.0,2.769970620770785e+37,6.033370938842778e+36,3.9261016132531437e+36,9.592012556307427e+35,8.104607493161166e+37,1.322228648542013e+37,160.0,2.355382732063183e+37,1.26944662380348e+37,3.338472933553575e+36,1.8368266263916536e+36,7.961808551992741e+37,1.5227797525210664e+37
b'SN2007le',0.006728,0.0010012160852922933,315.0,7.706609047378498e+37,2.3168491892132655e+37,1.5291504471291106e+36,6.464129489801851e+35,3.4025950939095777e+37,1.4350254144568232e+37,315.0,8.60654982127857e+37,2.6498810365354697e+37,1.7077172886983122e+36,7.30766740305621e+35,4.371415698453098e+37,1.8444878270472793e+37
b'SN2007nq',0.045031,0.0010022056547560607,3098.2,5.143045117545149e+36,1.3105966439996248e+36,4.495545405053996e+36,1.162598399118736e+36,1.1681864452211584e+38,9.3995978928671e+36,3098.2,0.0,0.0,0.0,0.0,6.555432658507212e+37,1.1969008070311224e+37
b'SN2007qe',0.024,0.0010014810949109446,1606.1,5.509514973642891e+36,1.0790913057293506e+36,1.3806773240780728e+36,2.937081981839003e+35,4.442919615691172e+37,5.456035394985066e+36,1606.1,0.0,0.0,0.0,0.0,4.500031621334268e+37,6.45970851796806e+36
b'SN2007rx',0.0301,0.001001645842333519,248.0,5.785065592227159e+36,3.21855478201653e+36,2.2742484464484415e+36,1.2741941008448517e+36,4.645595852446864e+37,7.186370341953934e+36,248.0,1.6476537271754142e+37,1.4098539399207602e+37,6.477323151440824e+36,5.5589948606081e+36,2.910375346649793e+37,1.2032407660118353e+37
b'SN2007sr',0.005417,0.0010012081338827729,537.1,6.437083237443289e+36,2.4235042189761254e+36,8.284523208485573e+34,4.368540916636259e+34,2.365746171909354e+36,1.2389187675021882e+36,537.1,6.662032852430434e+36,2.525967873034595e+36,8.574033260998284e+34,4.537562399679397e+34,2.2243484949729815e+36,1.1666964405963526e+36
b'SN2008Z',0.02099,0.0010014134828151779,110.0,4.78357343463817e+36,3.0559779550037294e+36,9.181300939284258e+35,5.9299299780722025e+35,2.768286406338608e+37,4.924401124152689e+36,110.0,7.419315931226641e+37,3.1834993099920287e+37,1.4240185346578744e+37,6.258122672104532e+36,4.521238070106042e+37,1.2253099057452032e+37
b'SN2008af',0.033507,0.0010017540129757527,73.0,2.3734636626700554e+36,4.211393122558841e+36,1.1545176932584192e+36,2.04968264394746e+36,3.425244964564557e+37,1.1527991456251094e+37,73.0,0.0,0.0,0.0,0.0,5.685372148037323e+37,3.7766455854508174e+37
b'SN2008fr',0.039,0.001001952785047292,1632.0,2.231006364638008e+37,3.400681286517744e+36,1.4666498892108919e+37,2.3571217968616605e+36,1.9309945512937812e+38,1.6089272650109404e+37,1632.0,6.101198255693255e+37,1.412383528076087e+37,4.010890281443957e+37,9.507061991141477e+36,2.9452940344976723e+38,3.267428615987394e+37
b'SN2008fv',0.009346,0.0010012371003813355,1684.15,1.0373845125346645e+38,2.3247859630703396e+37,3.96747986486308e+36,1.2289002428800203e+36,6.17675494758721e+37,1.8766467292725466e+37,108.0,1.1294805836638487e+38,2.9741585808189566e+37,4.3197015371774977e+36,1.465249389567008e+36,6.267758571559299e+37,1.9202564070276425e+37
b'SN2008fx',0.059,0.0010029303981154546,118.0,4.901714037586441e+36,8.537008564496228e+36,7.309592129646341e+36,1.2733020926853902e+37,1.8340223293827095e+38,6.438060294878676e+37,112.0,0.0,0.0,0.0,0.0,4.918751005260072e+37,8.838212585770205e+37
b'SN2008gb',0.037626,0.0010019002442059912,96.15,3.142306466477226e+37,1.512859144768845e+37,1.9239074609360853e+37,9.318190867095642e+36,2.6373801092152795e+38,3.954000892322377e+37,,,,,,,
b'SN2008gl',0.034017,0.0010017712012994906,2273.75,4.8657268478072064e+36,1.1353340715307755e+36,2.4388735338810674e+36,5.866568196857594e+35,6.120477433605982e+37,5.835033462083209e+36,2273.75,0.0,0.0,0.0,0.0,2.473037643837467e+37,5.0142289058853e+36
b'SN2008hm',0.019664,0.0010013865668961337,102.05,1.7629452730172556e+37,5.921785707337068e+36,2.9713954517318116e+36,1.0425968828193743e+36,7.557882693258176e+37,1.194700100202445e+37,,,,,,,
b'SN2008hv',0.012549,0.0010012721212862288,1693.05,5.410304773720946e+36,9.982260995264891e+35,3.725296752607855e+35,9.076876883459529e+34,1.1122258599727026e+37,2.525431630323618e+36,2998.05,3.90623624926304e+36,1.2477562468071886e+36,2.689661640686206e+35,9.598712852221929e+34,6.643865550005472e+36,1.5298960939672538e+36
b'SN2008hy',0.008459,0.001001229213589488,4375.2,7.970039672162627e+36,1.9150478583620218e+36,2.4979777995364605e+35,8.418075483506607e+34,6.59558944628167e+36,2.2136413024132224e+36,2765.1,7.729488662751611e+36,2.0067640190159766e+36,2.4225840617532512e+35,8.504477678948168e+34,5.177736416023095e+36,1.7413273512225397e+36
b'SN2009D',0.025007,0.0010015057331403672,256.0,7.273126507595713e+36,2.9773719170888164e+36,1.9779237217351397e+36,8.248826292992583e+35,5.050684243190325e+37,7.018159658325271e+36,256.0,0.0,0.0,0.0,0.0,4.68462204998441e+37,1.1396381512665866e+37
b'SN2009Y',0.009316,0.0010012368207971702,239.15,2.0303572098027567e+37,4.771683310110764e+36,7.71543588926125e+35,2.455015350853897e+35,3.4329834714288387e+37,1.0473453651267594e+37,119.15,2.098273602978342e+37,8.319947839892181e+36,7.973520808922749e+35,3.5946220563851686e+35,3.4549850844392136e+37,1.0673305863697848e+37
b'SN2009ad',0.0284,0.0010015961978082906,189.05,3.1122902697825164e+37,8.305026975090462e+36,1.0900265133105618e+37,3.0073722433152216e+36,2.4641312167208476e+38,2.812134952905632e+37,189.05,3.6244096063568935e+37,2.2647558744338333e+37,1.2693875646446635e+37,7.9816715875409e+36,3.233158849592094e+38,5.135504200472645e+37
b'SN2009al',0.022105,0.001001437474078649,423.0,4.8233796725203623e+36,1.6897637704321013e+36,1.0262381730573639e+36,3.7123740626800836e+35,2.7775388716839286e+37,4.0096171196547524e+36,1509.8,0.0,0.0,0.0,0.0,1.0470797263080845e+37,2.0394635224350827e+36
b'SN2009an',0.009228,0.0010012360058687584,108.0,4.9548861811476564e+36,1.731999343364811e+36,1.8475425300115513e+35,7.597122219796034e+34,1.2591087070697927e+37,3.8962276163176974e+36,108.0,8.346230042920202e+33,1.4463791076611947e+35,3.1120825798633393e+32,5.393576084466283e+33,9.050213012294667e+36,2.9324437381724817e+36
b'SN2009dc',0.021391,0.0010014219681757659,122.05,2.7193049611260603e+36,2.219193940306549e+36,5.4196475456980386e+35,4.4516575166302675e+35,2.502478794209063e+37,4.474243650688924e+36,122.05,0.0,0.0,0.0,0.0,4.696366141867805e+37,1.235974614641789e+37
b'SN2009do',0.039734,0.0010019816236937805,288.05,2.4273718629333295e+37,8.170337106927048e+36,1.6558335278010939e+37,5.634539169132633e+36,2.754191946313923e+38,2.9974015628248455e+37,214.05,0.0,0.0,0.0,0.0,3.568569932832459e+38,8.147645853640374e+37
b'SN2009ds',0.019227,0.0010013780809429696,199.25,9.158437716513585e+37,1.3206017989076648e+37,1.476063397559781e+37,2.6218889681061515e+36,2.2101033453287736e+38,3.320503942483966e+37,106.0,7.489754107814782e+37,3.0095841806142473e+37,1.2071220264275534e+37,5.0095414932625536e+36,2.5962239398216578e+38,4.414958340019993e+37
b'SN2009fv',0.0293,0.001001622121093591,27648.05,1.6322689850511005e+37,1.2431188318975411e+36,6.082413640455668e+36,6.207262045016316e+35,1.8879982893706774e+38,1.8427993507216402e+37,12687.35,9.34879857980177e+36,1.5811275854041935e+36,3.483694202636503e+36,6.3493374812555226e+35,1.4018631997496412e+38,1.4079375789758428e+37
b'SN2009fw',0.028226,0.0010015912791852895,185.0,1.8647343666809825e+37,6.363199488405058e+36,6.451623917262716e+36,2.248078449894815e+36,1.284814834237242e+38,1.6155517809714047e+37,185.0,2.8277421978263812e+35,1.9962557770227224e+36,9.783446651343243e+34,6.907007503776907e+35,9.798164143980503e+37,2.3997434285761326e+37
b'SN2009ig',0.00877,0.0010012318894062576,64.0,1.2551293328419264e+37,3.921036416553986e+36,4.227847338738492e+35,1.6348672264545715e+35,1.4270147163576258e+37,4.648366272590163e+36,,,,,,,
b'SN2009im',0.0131,0.0010012791785830885,203.0,1.0278574374016548e+37,2.5704257603113417e+36,7.71067858369627e+35,2.2582287991994116e+35,1.8461714668983507e+37,4.073868056728414e+36,203.0,4.5620040804058975e+36,3.5815675242521637e+36,3.422278798745026e+35,2.7369580798128402e+35,1.4437981334119957e+37,3.569478321982569e+36
b'SN2009jr',0.016548,0.001001330225134558,192.0,1.1996084261695514e+38,1.7235747968128056e+37,1.4338290480722594e+37,2.689489884114273e+36,2.020260432398888e+38,3.4968407309312116e+37,192.0,1.1616570803783657e+38,2.711568130738889e+37,1.3884677944983823e+37,3.647909911934372e+36,2.561880976561589e+38,4.561264028944226e+37
b'SN2009kk',0.012859,0.0010012760545149498,112.0,5.044197646767988e+36,2.0326966686460905e+36,3.646439480407759e+35,1.5747682541791295e+35,1.291850055684881e+37,2.9666795931422605e+36,112.0,1.6066573651989014e+37,9.066560251763027e+36,1.1614491061235475e+36,6.797846268431478e+35,1.9329207686604901e+37,4.984545854245462e+36
b'SN2009kq',0.011698,0.0010012618172426354,109.05,7.481659171219461e+36,2.4653022388243273e+36,4.478187423144121e+35,1.661966057375375e+35,3.659713931767122e+37,8.961014707156767e+36,1684.15,1.366012901791094e+37,3.018061761967871e+36,8.176343851889752e+35,2.283076868260365e+35,4.945116703374224e+37,1.2042605851722123e+37
b'SN2009lf',0.045,0.0010022042623457678,390.0,3.1509394520997765e+36,2.8455598083281655e+36,2.7504890350994643e+36,2.486879498727455e+36,1.0552272440063942e+38,1.6772758113857956e+37,336.0,3.086956413696151e+36,7.901537758530181e+36,2.694637550728908e+36,6.898361075790387e+36,1.8714299140361072e+37,1.8212988807739894e+37
b'SN2009na',0.020979,0.0010014132523114643,198.0,7.926168429994256e+37,8.015621025274908e+36,1.5197139354555978e+37,2.108943900508287e+36,3.82630311690045e+38,5.269874401105976e+37,112.0,1.063490044076926e+38,1.4213832452302212e+37,2.039069260862482e+37,3.3439395800159e+36,5.393284021530231e+38,8.172136681558802e+37
b'SN2010Y',0.01086,0.001001252377307552,1533.05,1.3476198203750854e+37,2.5920577041394564e+36,6.954498580476116e+35,1.8509362798011257e+35,1.197027897712775e+37,3.1344937926353556e+36,1694.0,1.0610776470291011e+37,2.4993169692285285e+36,5.4757750505516734e+35,1.636524866106843e+35,8.813346526736102e+36,2.3269949866689668e+36
b'SN2010ag',0.033791,0.001001763552513778,156.55,5.405816237703063e+37,1.422051615242197e+37,2.6739670974353044e+37,7.20800353690062e+36,2.724179304228444e+38,3.175571917944721e+37,156.55,1.2916237775426946e+37,1.7648041770577653e+37,6.388969457241055e+36,8.737632549805657e+36,3.897909319984033e+38,7.568180443148378e+37
b'SN2010ai',0.018369,0.0010013619743254806,25656.55,7.738215648140531e+36,8.832825366329522e+35,1.1387664464419872e+36,1.794091341870851e+35,1.6952331740340778e+37,2.6300202896321192e+36,18620.45,0.0,0.0,0.0,0.0,8.025588293021302e+36,1.2711375586952582e+36
b'SN2010cr',0.02157,0.0010014258077181877,107.0,1.398007845886705e+36,1.7072798269472742e+36,2.8328719543785892e+35,3.469461150522658e+35,4.717476884686797e+37,7.65774929087958e+36,107.0,0.0,0.0,0.0,0.0,1.3693490015231413e+37,6.508063957677345e+36
b'SN2010dl',0.030034,0.0010016438611702388,471.0,5.088933064768723e+36,2.1967295150472986e+36,1.9918759672840752e+36,8.698998176150875e+35,5.41795970156889e+37,6.793463923133554e+36,471.0,0.0,0.0,0.0,0.0,5.117307686242582e+37,1.2228598509163327e+37
b'SN2010dw',0.03812,0.001001918917809233,94.0,6.928115338880112e+36,7.24389162977362e+36,4.3529718714814535e+36,4.557027957782409e+36,2.7039357726022623e+38,4.1177576001774453e+37,94.0,2.9476525836828807e+37,3.8932813751855006e+37,1.8520258621654633e+37,2.44807359798365e+37,2.280651054456117e+38,8.746175037815587e+37
b'SN2010ew',0.025501,0.0010015181897824045,140.0,3.6074044852135555e+37,9.417300760822956e+36,1.0199541845350751e+37,2.779268509080937e+36,3.2774543489892286e+38,3.937359372465078e+37,140.0,8.374485286430841e+35,3.5609481880940455e+36,2.3677941706381443e+35,1.0069890255543036e+36,2.061811476615538e+38,3.7606209977408414e+37
b'SN2010ex',0.022812,0.0010014533293209546,220.0,3.8231443618320243e+37,7.40579888321034e+36,8.660223276038891e+36,1.8402848978954212e+36,2.3154044927863847e+38,2.9935613380136236e+37,220.0,4.814910745095152e+37,1.9700658724669837e+37,1.0906781999396252e+37,4.563202687574189e+36,2.7773278534180542e+38,4.1074058659626133e+37
b'SN2010iw',0.021498,0.001001424259476484,216.0,3.074502676984471e+37,6.31078838329191e+36,6.188732024155738e+36,1.393918404103855e+36,1.1551697330415533e+38,1.6065160045286451e+37,216.0,2.7528432839806344e+37,1.4055899823672937e+37,5.541256970302209e+36,2.8756198952177274e+36,1.3538520589716037e+38,2.2600733456940264e+37
b'SN2010ju',0.015244,0.001001309524073363,89.0,3.552988356368246e+37,8.129594572236202e+36,3.605824733311444e+36,9.505831347274352e+35,1.0211088634937931e+38,1.9383165211478586e+37,,,,,,,
b'SN2010jv',0.013469,0.0010012840742891222,2640.0,3.41491770972856e+37,5.23649821574524e+36,2.7076875852440645e+36,5.7750412411982586e+35,2.3959502913172706e+37,5.0627434893430835e+36,2640.0,1.685674525780792e+37,3.1809099734296115e+36,1.336571002345361e+36,3.2073417985457392e+35,1.2002195739030928e+37,2.574038567110183e+36
b'SN2010kg',0.016632,0.001001331616842305,183.35,4.305314274176407e+37,7.634826805412893e+36,5.198101954301224e+36,1.1129435699105999e+36,1.1582811428748944e+38,2.006471300490413e+37,183.3,9.453611722808406e+37,2.4322011849225544e+37,1.1413995458191218e+37,3.240153333413447e+36,1.769419208487373e+38,3.1935291868278494e+37
b'SN2011B',0.00467,0.001001204370927347,142.0,1.2842810287192428e+37,5.609060918984019e+36,1.2288376488254752e+35,7.517176131967626e+34,4.3719697577468697e+36,2.6551106191841655e+36,142.0,9.928087872733155e+36,4.8027402539925735e+36,9.499484837075462e+34,6.137895195092758e+34,2.503936487959983e+36,1.524140896852313e+36
b'SN2011K',0.0145,0.001001298473715018,188.0,1.9940995778366624e+37,4.274324825098755e+36,1.8316231159528935e+36,4.666121360809293e+35,2.980547302228794e+37,5.967119459738165e+36,188.0,1.2718863629309157e+37,6.981023662491078e+36,1.1682548299502908e+36,6.610857022816319e+35,3.9034606376921e+37,8.452460276881502e+36
b'SN2011aa',0.012512,0.0010012716582466642,108.0,3.277008143155397e+37,5.936336515094785e+36,2.2431528316307405e+36,5.4158088825829985e+35,7.426592483891597e+37,1.6970492884143962e+37,335.0,4.0210304179257596e+37,1.0111859938427458e+37,2.7524453324545146e+36,8.198204509383047e+35,1.2340491924629136e+38,2.825320384832468e+37
b'SN2011ae',0.006046,0.0010012117346395938,96.0,6.183344641137291e+37,2.080243469524565e+37,9.910659550400698e+35,4.6757021465179395e+35,5.6269137807471395e+35,2.6701017934561564e+35,112.0,9.394566434168885e+37,3.2775379940325875e+37,1.505760311874591e+36,7.238817827892971e+35,1.8457986625586412e+37,8.677632954101874e+36
b'SN2011ao',0.010694,0.001001250590561636,96.0,7.479536153889966e+37,1.5530089279359157e+37,3.743044844524282e+36,1.0454607514460196e+36,8.839636685133289e+37,2.3531224998295163e+37,96.0,8.106211786746253e+37,2.3277933324866993e+37,4.0566572061052564e+36,1.3897381932124e+36,1.2987584558149878e+38,3.485158841677965e+37
b'SN2011at',0.006758,0.0010012162873365698,192.0,4.271617527465646e+37,1.290821173591847e+37,8.551415919201528e+35,3.616464066529789e+35,1.094303505955842e+37,4.596852839081693e+36,192.0,6.722534034406179e+37,2.1250565083613958e+37,1.34579428494157e+36,5.826845160589987e+35,1.3893208783795323e+37,5.850711160140228e+36
b'SN2011by',0.002843,0.0010011975160341862,2803.1,2.5744395560598008e+37,1.81736550623146e+37,9.136484146137156e+34,9.107764137520459e+34,1.2701646765389126e+36,1.2661413218173024e+36,,,,,,,
b'SN2011de',0.029187,0.0010016188219243009,3456.9,4.0285786352808105e+36,7.4733649457938e+35,1.4897083677596016e+36,2.9443528903271764e+35,3.987152133501977e+37,4.119020841043927e+36,2249.7,0.0,0.0,0.0,0.0,3.8294729793367206e+37,5.62189552054499e+36
b'SN2011df',0.014547,0.0010012991554340914,192.0,3.9526718923939616e+36,1.535251784490033e+36,3.6541136505973814e+35,1.5052666426943013e+35,1.644630623259756e+37,3.3354055070325443e+36,192.0,1.1653836480342977e+37,6.617652550820819e+36,1.0773584077796923e+36,6.293903671550555e+35,2.2182024453981046e+37,5.103264368255668e+36
b'SN2011f',0.008,0.001001225440879338,1037.05,8.046722563463582e+37,2.0323588158671038e+37,2.2561876996897373e+36,8.01581557431233e+35,4.25139179856488e+37,1.5084108209615285e+37,1037.05,1.0868500131975702e+38,2.9482722248253413e+37,3.047374396028019e+36,1.1238968076087878e+36,7.0480072774146e+37,2.501245990048859e+37
b'SN2011fs',0.021,0.001001413692468814,352.05,8.524083051274592e+36,2.401492972462426e+36,1.6376129664200414e+36,4.868551033576538e+35,5.8406133858445235e+37,8.334707932998113e+36,157.05,3.2503416563517045e+36,5.4440945531795e+36,6.244427241873056e+35,1.0475765061461345e+36,8.650829428065507e+37,1.69927051864048e+37
b'SN2011gf',0.027,0.0010015574788618097,2488.55,6.336167662105647e+36,1.059277348122419e+36,2.0069694028151874e+36,3.6672174086035586e+35,4.41067348507632e+37,4.8679171413653866e+36,2488.55,5.727796374483316e+36,2.3807714510046626e+36,1.814268921243092e+36,7.658835106888942e+35,3.772597991452671e+37,5.227834602342274e+36
b'SN2011ha',0.094,0.001005596531151547,13332.1,7.160082950209744e+36,1.5931190892586027e+36,2.667824399658048e+37,5.962134835826709e+36,8.762982669939885e+38,4.336131462840973e+37,13321.1,1.4905104621614244e+37,5.972850283393926e+36,5.553595128089066e+37,2.2285008656219006e+37,1.5255627631300793e+39,1.2565250817269661e+38
b'SN2011hb',0.029,0.0010016133902180145,331.0,3.2254582772889117e+37,3.624880131866782e+36,1.177588399941103e+37,1.550714578241919e+36,4.674113232628269e+38,4.823598240185683e+37,1643.35,5.607789058494399e+37,1.047280662788199e+37,2.0473578564315556e+37,4.073592306063407e+36,7.089716605392145e+38,7.284335106865325e+37
b'SN2011hk',0.018,0.0010013552733490869,30787.5,4.642743366432149e+37,5.258766648994448e+36,6.561637615129185e+36,1.0398041435452303e+36,1.6928179411376435e+38,2.677038235289165e+37,30536.5,3.7806029249602134e+37,4.413189491742014e+36,5.343165538643583e+36,8.60042965003274e+35,1.6239672634243208e+38,2.5694703830743547e+37
b'SN2011ho',0.032,0.0010017047386650542,108.0,1.463705618386119e+36,2.5939431575793162e+36,6.498126626904762e+35,1.1522903608833341e+36,8.679300188279187e+37,1.5393754331828756e+37,108.0,,,,,3.345246913531671e+37,2.173217949433489e+37
b'SN2011hr',0.013,0.0010012778752494357,105.0,1.7509664972620667e+38,2.9575762637829583e+37,1.293601482430845e+37,2.9534289000800804e+36,1.0170860555147126e+38,2.2364684688736087e+37,105.0,2.2191125634758425e+38,4.831080936218203e+37,1.6394644365166358e+37,4.3681648095930744e+36,1.0526491013349675e+38,2.386822029868316e+37
b'SN2011io',0.04,0.0010019922072870748,3764.05,4.884318113444068e+36,1.039627908391134e+36,3.3762043248555727e+36,7.379228526724653e+35,8.67389078313756e+37,7.14563954506107e+36,3764.05,1.8960814721024283e+36,1.6412084887473552e+36,1.3106350400827646e+36,1.1363236010324736e+36,6.001572633560461e+37,8.78578050334946e+36
b'SN2011iu',0.046,0.0010022496612441555,108.0,3.0339879583915867e+37,1.7196933370471286e+37,2.7661899358808514e+37,1.5724358338309093e+37,6.946144019554662e+38,8.950309625026115e+37,,,,,,,
b'SN2011iy',0.00427,0.001001202585076579,319.0,3.8285707087771673e+37,1.8041951953781689e+37,3.0631482571118044e+35,2.035453587015233e+35,5.321194669521122e+36,3.5333038543752155e+36,96.0,2.998347542042819e+37,1.4730337354915778e+37,2.398906470910494e+35,1.6285068145053262e+35,4.875007728600962e+36,3.240493843715204e+36
b'SN2011jh',0.00779,0.0010012237849572015,312.0,5.980724257350882e+37,1.5641114774272972e+37,1.590172878598319e+36,5.826332212540374e+35,2.9008633741855596e+37,1.0571716951699274e+37,103.0,7.046502485882194e+37,2.1534420377917514e+37,1.8735451861458564e+36,7.476469505796693e+35,3.7883137573341195e+37,1.3869571725589554e+37
b'SN2012bh',0.02524,0.0010015115780978394,13756.6,6.783512283802468e+36,6.719699666201117e+35,1.8791190015234456e+36,2.3799757193734554e+35,5.513013288491578e+37,6.256896469106073e+36,13755.6,6.195315084451433e+36,1.0888720089742734e+36,1.716180911681315e+36,3.30644775174607e+35,5.813281953769334e+37,6.751429589652955e+36
b'SN2012bm',0.0248,0.0010015005858530612,3099.35,2.2779708146930672e+37,2.3829546718103267e+36,6.093348616313795e+36,8.036641125034995e+35,9.793181616031387e+37,1.1371324793726342e+37,1572.2,2.0570330166762755e+37,5.390665297782116e+36,5.502361665491765e+36,1.5081700953532975e+36,1.088826985092883e+38,1.3923100961064695e+37
b'SN2012bo',0.02543,0.0010015163844710802,421.05,2.848745065652818e+37,5.1192998839576276e+36,8.009975567755291e+36,1.5702141115893704e+36,1.2741309513131349e+38,1.5185919874647043e+37,96.0,2.435966354314002e+37,2.3205301813290235e+37,6.849342616573419e+36,6.546783582843688e+36,1.2491774135251037e+38,3.110033571529106e+37
b'SN2012bp',0.02829,0.0010015930848223866,1609.35,1.216042924616988e+37,1.9196888667267062e+36,4.226258109368095e+36,7.304557803721382e+35,1.2320629573920383e+38,1.2837868975226e+37,227.05,2.4144368075930505e+37,1.6779353384242283e+37,8.391178412440386e+36,5.861346697882601e+36,1.8982561257249243e+38,3.3583623588070773e+37
b'SN2012fb',0.038,0.0010019143593461592,91.0,3.7419783811868164e+37,1.7152557049095023e+37,2.336449561794792e+37,1.0779325460347256e+37,3.951897405030888e+38,5.290645650486858e+37,91.0,3.472185957110982e+37,4.281250695964509e+37,2.1679941815668575e+37,2.6755679285786103e+37,5.4633757190011086e+38,1.4023690641134092e+38
b'SN2012fk',0.035,0.0010018050626065056,88.05,9.14823136309817e+36,7.886203926406789e+36,4.852158540631151e+36,4.1918593293195634e+36,9.542818482228227e+37,2.008234092393939e+37,,,,,,,
b'SN2012fm',0.014,0.0010012913579293614,313.15,2.441774701651856e+37,4.434405567345319e+36,2.0912656004896223e+36,4.828823031890904e+35,4.90694625317094e+37,1.0026844878776292e+37,282.05,3.9562644008790376e+37,1.0988555298691821e+37,3.3883550527421475e+36,1.0579138412961254e+36,5.271790959277042e+37,1.1165113022334844e+37
b'SN2012fr',0.005,0.0010012059645567563,140.0,3.511526462789062e+37,1.422064857036899e+37,3.8510114929068185e+35,2.1921277413723623e+35,1.5189096923549751e+37,8.615376127697013e+36,1662.95,4.562816606111892e+37,1.8828950333436784e+37,5.003937568565748e+35,2.8759164002355733e+35,2.4137038952045433e+37,1.368990404363594e+37
b'SN2013ar',0.06,0.001002989722511664,4911.25,1.2267696584245107e+37,2.1725524629286698e+36,1.891092085854205e+37,3.406631457508182e+36,3.766234637730505e+38,2.3271896201551807e+37,109.0,0.0,0.0,0.0,0.0,2.3708207143153794e+38,2.0375805854051527e+38
b'SN2013b',0.06585,0.0010033566693673913,4495.15,3.047621256924989e+37,2.748884667590989e+36,5.643941276737202e+37,5.365327915458193e+36,1.2703158024749564e+39,6.520797432609934e+37,1575.1,2.773374318098863e+37,1.627214283450732e+37,5.136058738989929e+37,3.0174085245715303e+37,1.676611291305687e+39,1.8695436041759558e+38
b'SN2013bo',0.036,0.0010018404980155398,2103.05,1.4420789461444968e+37,2.2378545389755106e+36,8.088437664273302e+36,1.3322730924248664e+36,9.192765398993482e+37,8.297224314113854e+36,224.0,1.87757651019717e+37,1.8993769379618743e+37,1.0531088192665359e+37,1.066922180350878e+37,9.09994492821497e+37,3.209159982267438e+37
b'SN2013bq',0.06,0.001002989722511664,199.0,4.452371304057776e+37,2.02184925589327e+37,6.863427114101666e+37,3.124935766447201e+37,6.6882133898872255e+38,1.0218103398789246e+38,199.0,,,,,3.1998385292299453e+38,1.7559241759067396e+38
b'SN2013bs',0.0276,0.0010015738332564527,345.0,2.102008061131236e+36,2.0918047530228158e+36,6.955446510523002e+35,6.939846696645605e+35,3.1940458242174255e+37,4.7046627526406823e+36,176.0,2.3472519373815187e+36,5.74918191374372e+36,7.766947044148058e+35,1.903202373737865e+36,2.7351873329324756e+37,1.1664208794481447e+37
b'SN2013ck',0.049,0.00100239183130352,112.0,1.3584808947685692e+37,1.2038934783504553e+37,1.403525821807325e+37,1.2451087457303408e+37,2.185859257206476e+38,5.067515881890481e+37,112.0,0.0,0.0,0.0,0.0,8.42048103343457e+37,7.948494769613984e+37
b'SN2013cs',0.00924,0.0010012361165399621,112.0,3.0335738719643574e+37,7.393073153323338e+36,1.1340751988822135e+36,3.695251181040408e+35,1.7871996000417508e+37,5.513266089475567e+36,112.0,4.289728603668501e+37,1.384221696263995e+37,1.6036777163451367e+36,6.229643355857015e+35,2.5634490146059554e+37,8.022882048458118e+36
b'SN2013da',0.0216,0.0010014264543460117,189.1,3.6534769824425885e+38,4.0191025347999273e+37,7.423782516627276e+37,1.065992727892473e+37,7.884350877409445e+38,1.049024853894177e+38,120.0,7.263760904569641e+38,1.0243162398999517e+38,1.4759797712548533e+38,2.4874862445017887e+37,1.1034326437566337e+39,1.5494859421697491e+38
b'SN2013fj',0.03357,0.0010017561221994226,288.0,5.700778638350524e+37,1.3545641114497473e+37,2.7833751610850013e+37,6.816040060291196e+36,1.082690436339958e+38,1.36163675336851e+37,182.0,1.1295486055327761e+38,4.852541559895847e+37,5.514961606696956e+37,2.3916481443492614e+37,7.41435816558161e+38,1.0667846887242837e+38
b'SN2013fn',0.027,0.0010015574788618097,192.0,1.866064315231161e+37,6.003739981113718e+36,5.910724248590393e+36,1.9509964302836873e+36,6.658925070823033e+37,9.381591427811163e+36,192.0,0.0,0.0,0.0,0.0,4.713183755805603e+37,1.4489323715419955e+37
b'SN2013fw',0.01695,0.0010013369492653432,123.0,7.65211473210193e+37,1.2979630545349044e+37,9.594267155580253e+36,1.9808906426592148e+36,1.584328713886411e+38,2.700632539964492e+37,121.0,1.6177419224459747e+38,4.01296493523641e+37,2.0283344847948006e+37,5.56926061192658e+36,1.907339308417694e+38,3.475432795312193e+37
b'SN2014J',0.00068,0.0010011937104596816,3075.25,5.773407078874594e+37,1.700994212556944e+38,1.173267504243522e+34,4.886146015872162e+34,6.031970252699643e+34,2.5120517263869925e+35,11527.35,3.6350818657753036e+37,1.0709887482344511e+38,7.387186405034225e+33,3.0764402526858147e+34,4.471540145548518e+34,1.8622008698829746e+35
b'SN2014aa',0.01698,0.0010013374575356824,2915.1,3.0068266890367793e+37,3.7833001191080564e+36,3.7832847653702966e+36,6.513328953240871e+35,1.1284298036565062e+38,1.8927582536161514e+37,2915.1,1.445849261279295e+37,4.150277364627872e+36,1.819213426289015e+36,5.6426152066332755e+35,1.2917920830640778e+38,2.176671936038189e+37
b'SNF20080514-002',0.022095,0.0010014372533958503,1570.3,1.0692553251846736e+37,1.599053618205051e+36,2.2729349493513676e+36,3.9696813259673076e+35,4.348468948761059e+37,5.729153155269657e+36,1570.3,0.0,0.0,0.0,0.0,3.0682140141852973e+37,4.7150728292643455e+36
b'SNF20080522-000',0.04526,0.0010022159702698938,1592.6,2.9949481585737076e+37,4.5718171945434843e+36,2.6443153196228025e+37,4.19976265757768e+36,4.851424767987158e+38,3.4890622834091197e+37,96.0,0.0,0.0,0.0,0.0,6.220901887825742e+38,2.022084603889644e+38
b'SNF20080522-011',0.03777,0.0010019056624074067,1939.0,6.594588719016192e+37,6.052501009741241e+36,4.0683064434730493e+37,4.303848599562955e+36,4.893134822094272e+38,3.8515532100196833e+37,1939.0,1.0084371387944274e+38,1.6628577674337814e+37,6.221208758272558e+37,1.0767928083379024e+37,7.539231615709318e+38,6.633229328487582e+37
b'SNhunt175',0.0409,0.0010020285392462755,188.0,4.948415069255127e+36,4.654715239710268e+36,3.574744131960856e+36,3.367051839100533e+36,1.068484245572743e+38,1.9824200792749986e+37,188.0,,,,,1.3359514259164218e+38,5.43237170989737e+37
b'SNhunt206',0.027,0.0010015574788618097,312.05,3.9318978041749e+36,2.122001925729486e+36,1.2454213664783026e+36,6.783869980105145e+35,5.368303574200744e+37,7.161018181486345e+36,312.05,4.272205137341035e+36,5.718495240753805e+36,1.3532130856436213e+36,1.8140701047019486e+36,6.185432792071797e+37,1.3864436129320598e+37
b'SNhunt263',0.0268,0.001001552107213611,1688.1,1.0462541192305533e+37,1.6658749346939154e+36,3.2653621262940086e+36,5.737468557364289e+35,1.0422311076686418e+38,1.1392301759528005e+37,125.0,1.4690060716310955e+34,5.249710539764646e+35,4.584772190075448e+33,1.6384397164468802e+35,1.4588352410194567e+38,3.3097171983799244e+37
b'iPTF13dk',0.03,0.0010016428422666558,2433.3,2.5113709538003016e+37,2.724826709016988e+36,9.80774245476379e+36,1.247268481855841e+36,1.7160319445468005e+38,1.669873416562694e+37,2433.3,3.97017254603681e+37,7.136057595935987e+36,1.5504849959970973e+37,2.9706099724465345e+36,2.324890277068146e+38,2.4495655578323083e+37
b'iPTF13dkj',0.03,0.0010016428422666558,160.1,3.0704287224305065e+37,9.365854770831224e+36,1.1991049784874758e+37,3.7431732545645427e+36,3.502778195026723e+38,3.8512317825133124e+37,160.1,4.434494942113769e+37,2.8757963689852556e+37,1.7318184015543457e+37,1.1289549844124488e+37,3.3285562742942677e+38,5.832263366054264e+37
b'iPTF13dkl',0.04,0.0010019922072870748,346.05,1.2333330099658383e+37,5.32419115020213e+36,8.525210982414214e+36,3.704527326332545e+36,3.0230394435811584e+38,3.0691134746413747e+37,346.05,5.3867373721208165e+37,2.89331676605445e+37,3.7234933495745383e+37,2.0084862765605634e+37,4.537540472920476e+38,7.671307063056052e+37
b'iPTF13ebh',0.01327,0.0010012814171670343,95.0,9.492061060272705e+36,3.220909451222193e+36,7.306131229844075e+35,2.711986953690604e+35,2.617765087080403e+37,5.761945359547449e+36,,,,,,,
b'iPTF14gdr',0.07,0.0010036375757533317,112.0,4.526529336461472e+37,3.186525951125227e+37,9.455015036951922e+37,6.661363257902623e+37,2.6742863604352146e+39,3.704787141952631e+38,112.0,1.8648625829233901e+37,5.327400767880303e+37,3.8953251934899357e+37,1.1128418477369662e+38,2.6812765718406122e+39,9.297873943696375e+38
b'iPTF14gnl',0.05,0.001002441211974061,248.0,3.3192456036284264e+37,1.2972627542766457e+37,3.569121090846976e+37,1.4020825988868803e+37,8.33668258548835e+38,8.238246475451478e+37,248.0,9.293077197727064e+36,1.7797177022867666e+37,9.992667547414726e+36,1.9141064427928765e+37,9.54743874498362e+38,1.9488947702285137e+38
