sn,Redshift,Redshift Error,NUV Exposure Time,NUV 2kpc Luminosity,NUV 2kpc Luminosity Error,NUV 2kpc Surface Brightness,NUV 2kpc Surface Brightness Error,NUV AB Magnitude,NUV AB Magnitude Error,FUV Exposure Time,FUV 2kpc Luminosity,FUV 2kpc Luminosity Error,FUV 2kpc Surface Brightness,FUV 2kpc Surface Brightness Error,FUV AB Magnitude,FUV AB Magnitude Error
b'SN1990O',0.03066,0.0010016628270351378,145.0,5.552760767712151e+36,1.2319343672593915e+37,2.2643481291060102e+36,5.025827101683475e+36,24.861961389168687,2.4077185620221453,144.0,2.9948900731810354e+37,4.1917030728663995e+37,1.221279651289523e+37,1.7111620737150116e+37,23.85293361900797,1.5178822587053091
b'SN1990af',0.0503,0.00100245622022312,538.1,-9.117785361128024e+35,8.61982804139521e+36,-9.920860632078203e+35,9.379125791752794e+36,nan,-10.264301702019875,336.0,-1.3763681825492147e+37,1.8727768391666855e+37,-1.4975957841376743e+37,2.0385817680123897e+37,nan,-1.476642476879747
b'SN1991U',0.031442,0.0010016870683142638,216.05,0.0,0.0,0.0,0.0,inf,nan,107.0,3.325813320327548e+38,1.0875167534791328e+38,1.4258015203844315e+38,4.748756743081313e+37,21.295105541834868,0.34789454380603924
b'SN1992J',0.0443,0.0010021730756032236,218.0,1.4420171979042611e+37,1.852246520253075e+37,1.2202738373430255e+37,1.5683740632598535e+37,24.6469885435661,1.3936868148145012,218.0,1.6282448857327332e+36,4.750234623874689e+37,1.3778647284754185e+36,4.0197813701643134e+37,27.83576737481457,31.675180704445193
b'SN1992ae',0.0746,0.00100396889566561,558.0,8.812370472713551e+37,2.5228023260713755e+37,2.086277367217464e+38,5.998051213906155e+37,23.860771667645494,0.309298268190714,224.0,4.750663414631591e+37,8.212476792244813e+37,1.1246918853335515e+38,1.9444838329480784e+38,25.352269918340692,1.8766612143035823
b'SN1992ag',0.0262,0.0010015362317280512,112.0,0.0,0.0,0.0,0.0,inf,nan,112.0,0.0,0.0,0.0,0.0,inf,nan
b'SN1992bg',0.0282,0.001001590546812431,199.0,6.021306880214149e+37,1.7677352345655425e+37,2.0794444314508363e+37,6.278852424750054e+36,22.088373589351285,0.3088658024371405,200.0,2.853570245743124e+37,5.033745360017313e+37,9.85473897163882e+36,1.7397838686278587e+37,23.719781112491724,1.9136364711581186
b'SN1992bh',0.0443,0.0010021730756032236,175.0,9.73826014457684e+37,2.7688841017180223e+37,8.240778329785488e+37,2.3720125682083283e+37,22.57321121349775,0.3045117520150995,175.0,1.5501343318024684e+38,8.494066332636293e+37,1.3117654714623951e+38,7.211892584345536e+37,22.889143344257164,0.5927700375600108
b'SN1992bk',0.0587,0.0010029127945459788,1021.05,1.0695726698943907e+37,8.540657814677034e+36,1.5790134400314404e+37,1.2619838614996865e+37,25.60534874909941,0.8661096483222323,388.0,0.0,0.0,0.0,0.0,inf,nan
b'SN1992bl',0.0424,0.0010020908858302349,109.0,-4.205606635055884e+36,1.4062661360645378e+37,-3.2629074126431053e+36,1.0911543765243754e+37,nan,-3.6300869903448674,109.0,6.103872048127543e+37,6.496284793789406e+37,4.735670993489329e+37,5.044999005651399e+37,23.802821855189233,1.154324493155065
b'SN1992bp',0.0789,0.0010042975622115314,106.05,-5.814445492754197e+35,3.907782350262444e+37,-1.5368138791141488e+36,1.0328645397972085e+38,nan,-72.97033645437774,106.05,-2.5575082936798226e+37,7.354998208017275e+37,-6.7597404543127465e+37,1.944070255973673e+38,nan,-3.122273115562782
b'SN1992bs',0.0628,0.001003161115406705,216.0,9.96658160180127e+37,3.4309719100147153e+37,1.6810043956120648e+38,5.810991387672415e+37,23.335019819743373,0.37200015178412255,216.0,4.04856574285363e+38,1.639615175279727e+38,6.828476484285629e+38,2.7737938351518457e+38,22.633784435339397,0.4382119867076827
b'SN1993B',0.0708,0.0010036936900588867,192.0,3.30145355065721e+38,7.258245156917492e+37,7.052065028593964e+38,1.5628322658358276e+38,22.30737772941759,0.2364996457341306,192.0,2.8413914129061254e+38,1.7928220147194254e+38,6.069349972079311e+38,3.83329722804475e+38,23.290965087138783,0.684299619985236
b'SN1993H',0.02421,0.0010014861494619008,137.0,3.222609914111176e+37,1.3628117426365739e+37,8.217009903526266e+36,3.5400819432642016e+36,22.4292619938283,0.44994336664602014,137.0,7.111965823901425e+37,4.335899050030661e+37,1.8134088569840558e+37,1.1155941065367764e+37,22.39045922670603,0.6555816181901732
b'SN1993O',0.0515,0.00100251714871319,215.0,1.3261535652191016e+37,2.012104387206378e+37,1.5118221320912242e+37,2.2945475771596915e+37,25.07640014926583,1.6467476201681506,106.0,-2.958093401996159e+37,5.008226869206611e+37,-3.3722422434478413e+37,5.710880301090603e+37,nan,-1.837692274202097
b'SN1993ac',0.0443,0.0010021730756032236,224.0,2.0209752976716646e+37,1.7348558064035013e+37,1.7102037931651622e+37,1.470079770306479e+37,24.28051213045432,0.9306417118663783,96.0,9.037444345814807e+36,6.396534908180627e+37,7.647729103140453e+36,5.413028760566819e+37,25.97495259205016,7.684471362558734
b'SN1994M',0.02316,0.0010014613168086047,6402.6,0.0,0.0,0.0,0.0,inf,nan,1906.35,0.0,0.0,0.0,0.0,inf,nan
b'SN1994T',0.03466,0.0010017932416741613,136.0,5.248788364777094e+36,1.382080401935873e+37,2.730504498283854e+36,7.191511574315259e+36,25.195871331485947,2.8581722373930423,136.0,-4.5405070975035024e+36,2.5196062420289964e+37,-2.3620451412027148e+36,1.3108099063192764e+37,nan,-6.024594702843574
b'SN1995ac',0.0499,0.0010024362291258355,1152.7,5.9357471562466095e+37,1.0664015078211792e+37,6.357372480901608e+37,1.1697476277982306e+37,23.378127960122594,0.18974850476465602,210.05,4.750814979275482e+37,5.591757662297422e+37,5.088272734009001e+37,5.992360233931399e+37,24.44054818836346,1.277122531397623
b'SN1996bl',0.0348,0.001001798095158912,220.95,0.0,0.0,0.0,0.0,inf,nan,220.95,0.0,0.0,0.0,0.0,inf,nan
b'SN1997dg',0.0341585,0.0010017760161764079,1210.7,6.60893742938296e+37,8.036222167297082e+36,3.3400405186096807e+37,4.5028012487497126e+36,22.413227769827134,0.1147365156209545,362.0,2.3424506383220777e+38,5.562011868984642e+37,1.1838332755359922e+38,2.8941890886395043e+37,21.860032788749482,0.2493922892662361
b'SN1998ab',0.02725,0.0010015642495436949,305.0,0.0,0.0,0.0,0.0,inf,nan,108.0,0.0,0.0,0.0,0.0,inf,nan
b'SN1998dx',0.054221,0.0010026606107277898,153.05,3.578616075868357e+36,2.0671126016313608e+37,4.5166539526187225e+36,2.6090027217042046e+37,26.61469592060752,6.2713888450493345,153.05,-2.3595365017537716e+37,3.9268083422785524e+37,-2.9780254827722293e+37,4.957309748154061e+37,nan,-1.8064312785999692
b'SN1998eg',0.02476,0.0010014995961377241,1680.0,1.352217961518089e+37,3.2989535111156367e+36,3.6054550314834537e+36,9.262088025441887e+35,23.421848634326253,0.24931182976046665,160.0,6.4999565396493495e+37,3.70972447112627e+37,1.7331008518769054e+37,9.989142701011493e+36,22.537841291409556,0.6131685164126938
b'SN1999aw',0.0391,0.0010019566824289484,2099.05,2.4535806796636694e+36,3.693041031268456e+36,1.621179601531096e+36,2.441530844855777e+36,26.290433937544616,1.6332075060282814,192.0,-1.034522017049182e+37,1.656046163330392e+37,-6.83550374061813e+36,1.0947674455642322e+37,nan,-1.7370855607913025
b'SN1999cc',0.0294453,0.0010016263820188218,137.0,1.993643810524467e+38,2.9829307451581764e+37,7.5024110017261805e+37,1.231758356614994e+37,20.884351765602513,0.14383842559186957,137.0,1.6599832293671256e+38,6.400301241930882e+37,6.246791115313944e+37,2.4452706413390917e+37,21.903863474669144,0.41175602753088864
b'SN1999ef',0.03914,0.001001958244171894,112.0,4.223014561083431e+37,2.3676559143141504e+37,2.795978520111373e+37,1.5739911012872796e+37,23.203163098154793,0.6060302487251139,112.0,4.158564572677244e+37,5.662506753683792e+37,2.7533073948763953e+37,3.7516429223841267e+37,24.040512960051828,1.4772849492858635
b'SN2000ca',0.02362,0.0010014720604510266,3362.1,2.332118746009151e+38,2.0684229994854653e+37,5.661596056680552e+37,6.930105112046291e+36,20.225858817509057,0.02213519371999837,1704.0,2.531780888493862e+38,2.851823826564635e+37,6.146308252615789e+37,8.649644755632737e+36,20.957322212524172,0.0785732168537296
b'SN2000cf',0.0353,0.0010018155885511187,204.05,2.0348937050978108e+38,2.9042331157770737e+37,1.0977300710674305e+38,1.6842653820202859e+37,21.26543243491382,0.1414621820435253,121.0,3.1686645089107443e+38,1.1086791006990585e+38,1.7093464429328726e+38,6.057788203086824e+37,21.60524814520319,0.3745842411456895
b'SN2001ah',0.057756,0.0010028579854595688,1741.1,9.504980990883145e+34,1.0267114787060285e+36,1.359026079529176e+35,1.4680036744378143e+36,30.6968118043389,11.727867459365548,,,,,,,
b'SN2001az',0.040701,0.001002020436350988,213.05,6.936369166440749e+37,2.108980489616254e+37,4.962639748170334e+37,1.5281821529976127e+37,22.751821841344785,0.32548874764430086,,,,,,,
b'SN2001ba',0.02942,0.0010016256385816133,1518.15,4.2300495910375054e+37,6.025374463283806e+36,1.5891208639319229e+37,2.5059050942680332e+36,22.56569914100764,0.13493672826415348,107.0,1.0365813020426626e+38,6.845079237337507e+37,3.8941694152424616e+37,2.5849799078180012e+37,22.413206399617074,0.7129741710358515
b'SN2001gb',0.025731,0.0010015240725139984,4221.65,2.8960419215219098e+38,2.3511631142764273e+37,8.335773166764647e+37,9.350535043641358e+36,20.180079007835392,0.01858444693043242,103.0,4.889989651072779e+38,1.1036201131962362e+38,1.4075018809723714e+38,3.358231848607462e+37,20.431973306545036,0.2293905046411144
b'SN2001ic',0.044241,0.0010021704693040125,208.0,1.3676330476878107e+37,1.5913292612749006e+37,1.154277431434241e+37,1.3440741066915437e+37,24.70150238532765,1.2623026517518856,208.0,-1.6681332367851034e+37,2.294830609330956e+37,-1.4078985230005403e+37,1.9378584337375776e+37,nan,-1.4927702449258964
b'SN2001ie',0.0278517,0.0010015808008627734,103.05,4.2348601572193757e+36,1.0243542091983572e+37,1.4268131104933583e+36,3.452770682393086e+36,24.942945755137888,2.6250355020515252,107.0,-6.921687371088043e+36,1.2820199654967812e+37,-2.3320614899098137e+36,4.322609538919038e+36,nan,-2.0093960147279044
b'SN2002G',0.033737,0.0010017617324658717,173.05,8.450822996906496e+37,1.9480035762653016e+37,4.166917771986257e+37,9.914260913109482e+36,22.118663706656672,0.24138581987646912,173.05,5.213687991119588e+37,3.870298714389621e+37,2.5707566181116543e+37,1.9143674019036914e+37,23.46370066457601,0.8032636589014049
b'SN2002bf',0.024197,0.0010014858352832678,1696.0,1.7822833778904252e+38,1.609865408496006e+37,4.539612313746754e+37,5.548467353658294e+36,20.571151729596394,0.035232431469478125,112.0,8.270018573817211e+37,4.143851367779136e+37,2.1064370917856976e+37,1.0696264417461488e+37,22.225479447392562,0.5362751597519008
b'SN2002de',0.0279812,0.0010015844103306844,147.0,0.0,0.0,0.0,0.0,inf,nan,147.0,0.0,0.0,0.0,0.0,inf,nan
b'SN2002hd',0.035001,0.0010018050975439407,1903.0,1.177123853549849e+38,9.877724860795188e+36,6.243737396621281e+37,6.326904391104088e+36,21.84077572000688,0.0650649691947941,112.0,7.274299559649251e+37,6.043435097018933e+37,3.8584568699239553e+37,3.2130618042008943e+37,23.184005205475287,0.8997643518047599
b'SN2002he',0.024564,0.001001494769611916,110.0,1.3751170777314928e+37,1.1516338329091843e+37,3.6090023140754335e+36,3.0366091369261334e+36,23.38603608623193,0.9048000246457694,110.0,7.421668646956597e+36,2.3854666746756435e+37,1.9478210077467668e+36,6.262663131190803e+36,24.876283412073242,3.488599061570276
b'SN2002hu',0.0262232,0.0010015368389042236,128.0,3.1738017915837174e+37,1.4572985449138867e+37,9.486049338155926e+36,4.4148399299796684e+36,22.622594689002433,0.49130512616180994,128.0,3.0530140600808845e+37,3.589683969970372e+37,9.125031714585914e+36,1.0751421460708748e+37,23.485374218764285,1.2737860058617676
b'SN2003D',0.022109,0.0010014375623797146,168.0,4.792564473852602e+37,1.1838661054144425e+37,1.0200491147964691e+37,2.682305570917156e+36,21.797770052717865,0.2488555935292685,168.0,1.0371630439807557e+37,2.20588763334168e+37,2.207497156656341e+36,4.699225814039391e+36,24.280224417093493,2.3070285921499556
b'SN2003U',0.0265903,0.0010015465179002495,4251.05,0.0,0.0,0.0,0.0,inf,nan,2653.05,1.735918737972091e+38,1.908231434782967e+37,5.333843957613008e+37,7.094759061878833e+36,21.62916273334957,0.08534398303355578
b'SN2003ch',0.0268379,0.0010015531220761255,204.0,5.350726263365185e+36,1.0589381754188763e+37,1.6746620246564634e+36,3.3165767993168486e+36,24.606834814871405,2.1471404757666255,204.0,2.0997273015388863e+35,2.484155333018548e+37,6.571694011141708e+34,7.774872443361284e+36,28.94311144918547,128.45176717126526
b'SN2003cq',0.0297197,0.0010016344862434174,1662.0,1.1562300238006802e+38,1.0014474699088677e+37,4.432024454932918e+37,4.852256135552181e+36,21.49645036807531,0.05696783601956802,81.05,1.7019632376884507e+38,8.276218785159523e+37,6.523911795714071e+37,3.202354397913712e+37,21.897337574818096,0.5226378124729768
b'SN2003fa',0.006004,0.0010012114818958202,128.0,2.2338375865815632e+36,2.338652056540505e+36,3.530885659414503e+34,3.8791244495316953e+34,22.26902080518736,1.0768895306575392,128.0,2.1924949684837514e+36,5.859967614108743e+36,3.4655380001929566e+34,9.334123902514498e+34,23.109955315268913,2.8789952931758047
b'SN2003hu',0.075,0.0010039986969433898,1623.15,2.0189867161229484e+38,2.145148763741156e+37,4.8303581428149215e+38,5.287329231806276e+37,22.972894447455154,0.1112241539261011,295.05,3.3092502610803235e+38,1.598859796747495e+38,7.917270488989354e+38,3.830890537179332e+38,23.25705611004735,0.5236784072804327
b'SN2003ic',0.055672,0.0010027401233859271,28993.15,2.9266797569949986e+37,2.1726371836310815e+36,3.891659115516772e+37,3.203612663821252e+36,24.392677077858487,0.06957588262740778,2511.1,3.531491716674572e+37,1.5084715666768974e+37,4.69588853981063e+37,2.012787014678098e+37,25.009371645531104,0.4619822690373018
b'SN2003it',0.025121,0.0010015085861364468,1613.0,6.684888901941284e+37,7.029748622822309e+36,1.8344741853779317e+37,2.4160978580264063e+36,21.71875479639364,0.07248196508324069,1613.0,1.0202537288479952e+38,1.5923369951468345e+37,2.7997909248180688e+37,4.9013583233672366e+36,22.08037184285888,0.14468011193891686
b'SN2003iv',0.034307,0.0010017810907144457,301.0,2.3658041244776237e+37,1.1994555920426496e+37,1.2059753178729796e+37,6.154082945450911e+36,23.53827054806594,0.5466099534253849,296.0,1.5177495180275697e+37,2.9571749795639737e+37,7.73677092924593e+36,1.5080951050927438e+37,24.840869288745942,2.1144427135682866
b'SN2004L',0.032309,0.0010017146574474313,385.1,2.794088833249289e+38,2.7022268052551066e+37,1.2643367930745993e+38,1.449521143846603e+37,20.72407556409042,0.07919071802834081,164.1,4.2506963627318096e+38,1.0041225581924008e+38,1.9234577453789575e+38,4.695485673214536e+37,21.089177917983267,0.24703551582140684
b'SN2004as',0.0305583,0.0010016597192474672,106.0,1.3903816041163133e+38,2.8381782672287654e+37,5.632506562799631e+37,1.2068438699087017e+37,21.35801813066619,0.20932914467996183,106.0,3.474899455058521e+38,1.0472511138768382e+38,1.4076994350141472e+38,4.340367434934055e+37,21.184149594228185,0.3190110037105092
b'SN2005eq',0.028977,0.001001612724556265,1693.05,3.290805621526017e+37,4.816203120993308e+36,1.1995532863965869e+37,1.9393437154222748e+36,22.804637149575154,0.1391665440629732,1693.05,3.017509816967163e+37,1.123147389412165e+37,1.099932428095953e+37,4.163195472112582e+36,23.71942303495445,0.3967773623717378
b'SN2005eu',0.03412,0.001001774704144612,11443.0,1.203890099204378e+38,7.815567570471733e+36,6.070643831692674e+37,5.296108105444668e+36,21.759578459637293,0.02633569097597576,4480.2,1.7256683310751525e+38,1.738599726870528e+37,8.701722704183752e+37,1.012805878320863e+37,22.189304282133392,0.08769816622854233
b'SN2005hc',0.045915,0.0010022457636173997,7823.25,8.445238625811375e+37,5.50565205030774e+36,7.671670437238494e+37,6.000282706214045e+36,22.808218278471696,0.05108058230624827,3269.9,1.4331392520216606e+38,1.9765181231740748e+37,1.3018663556264357e+38,1.8815429638985998e+37,23.054679152671078,0.14149603214981235
b'SN2005hf',0.04311,0.0010021211780837807,190.0,3.4846070066617993e+37,1.9316792134197938e+37,2.793945321334633e+37,1.55414774864554e+37,23.627997375986595,0.5996162463173518,190.0,4.8704910362320233e+36,3.3375794247770946e+37,3.9051421343260394e+36,2.676119554401666e+37,26.585102057127784,7.439993225832978
b'SN2005hj',0.057385,0.0010028366874466773,3288.1,5.27328086937697e+37,7.026869703843995e+36,7.444437512320828e+37,1.0247178468580314e+37,23.821912032974232,0.13917633078118075,3288.1,6.904063138598048e+37,1.789223149292825e+37,9.74665827395673e+37,2.548184826031425e+37,24.350004444379863,0.27858467887735044
b'SN2005iq',0.034044,0.0010017721184980269,112.0,9.627463676909021e+37,2.630159883803285e+37,4.833229662869249e+37,1.3502495834352208e+37,21.997300334551102,0.289288481825575,112.0,1.6349314164947555e+38,7.9097798619906145e+37,8.207768197465996e+37,3.9997454653885766e+37,22.242983246683163,0.521175311436636
b'SN2005ir',0.076023,0.0010040756345978247,2410.1,3.467491304419955e+38,2.387001842259229e+37,8.519780281690298e+38,6.268207310769827e+37,22.416672959115523,0.06836214931393465,2410.1,6.2920553757334255e+38,7.602033353416676e+37,1.5459859770418225e+39,1.910490567272943e+38,22.5903821086336,0.1276511098251618
b'SN2005lz',0.040001,0.0010019922472080433,105.0,-1.3880738128297354e+37,1.9794963096943838e+37,-9.59530676866244e+36,1.3691912509348683e+37,nan,-1.5473272064774086,,,,,,,
b'SN2005mc',0.026006,0.0010015311755008052,1616.0,4.325622105210877e+37,5.311076774156311e+36,1.2716604499846362e+37,1.8401996863013232e+36,22.268005636905833,0.10247000800929311,1616.0,2.0511334076470863e+37,8.18983183739498e+36,6.029988678402724e+36,2.4515612682719396e+36,23.898794344523385,0.4250473607393503
b'SN2005ms',0.0270878,0.0010015598496210122,2805.15,4.650924639975473e+36,2.2868768612826612e+36,1.482711449961381e+36,7.371570487981016e+35,24.779554046284396,0.5275361650016334,216.0,-9.958536765120313e+36,1.0538739989809157e+37,-3.174774400684146e+36,3.367838590916021e+36,nan,-1.1460684348346006
b'SN2006S',0.0340003,0.0010017706343590407,213.0,0.0,0.0,0.0,0.0,inf,nan,213.0,0.0,0.0,0.0,0.0,inf,nan
b'SN2006ac',0.023106,0.0010014600694486149,213.0,2.8245937799605675e+38,3.150289899429499e+37,6.563439047068862e+37,9.253623816692176e+36,19.969222909865664,0.07410968089206592,213.0,4.551430217519002e+38,7.363465419382787e+37,1.057604637580501e+38,1.9389752436311632e+37,20.271895222885295,0.14725203541077628
b'SN2006ak',0.0381,0.001001918157068742,959.0,8.463435573275925e+37,1.026364261530586e+37,5.312090201032335e+37,7.012432736516168e+36,22.388197197643816,0.11784901450672913,112.0,5.162849664044893e+37,5.438122712742942e+37,3.2404716586222455e+37,3.4174284294151424e+37,23.74549226953514,1.1421170614152973
b'SN2006al',0.067849,0.0010034898456212822,1575.0,-3.369819084040444e+36,7.358740422916673e+36,-6.619328288655245e+36,1.445604376780139e+37,nan,-2.3707045184359266,1575.0,1.4647627326529282e+37,1.9305314015853176e+37,2.8772302460796205e+37,3.7930647078425477e+37,26.413372501015886,1.4305850188974465
b'SN2006an',0.0640618,0.001003240897134514,1679.4,6.97250604886181e+36,7.149186343611446e+36,1.2230526303087118e+37,1.2546125410454994e+37,26.268073730486535,1.112680021725047,93.0,-7.993639493492954e+36,3.488049420571392e+37,-1.4021704305085674e+37,6.118567348151351e+37,nan,-4.7375101520394285
b'SN2006az',0.0275947,0.0010015736872203236,187.0,8.61738927715767e+37,1.6345112712409247e+37,2.850365465732672e+37,5.784412572181593e+36,21.651053190319203,0.189571466539844,187.0,7.391499591797422e+37,3.516655869811495e+37,2.4448791274038473e+37,1.1765010263991615e+37,22.638313115371524,0.5102569600655297
b'SN2006bd',0.02572,0.001001523789964085,1661.05,1.4228919354579456e+37,3.128022265354262e+36,4.0920756154847295e+36,9.53766734319789e+35,23.450714757367685,0.22257407314701672,1661.05,4.7527240797030327e+36,5.421490781183283e+36,1.3668294709549076e+36,1.5627479229016728e+36,25.461940085500856,1.2355092045968556
b'SN2006bt',0.03193,0.00100170250492051,205.0,-5.96650083103103e+36,8.370614089604621e+36,-2.6373354136340168e+36,3.7036574628760216e+36,nan,-1.5216195904433265,77.0,-1.4668841314277536e+37,2.529716191871903e+37,-6.483977086522373e+36,1.1189242677070654e+37,nan,-1.8711075118899043
b'SN2006bu',0.084001,0.0010047111781328127,2600.15,7.955309775552208e+36,8.189162264083423e+36,2.377840014567108e+37,2.4483743723789686e+37,26.743890617465567,1.1173141177745565,1675.0,-1.518007549068922e+36,1.5410616913044494e+37,-4.5373206002408267e+36,4.606241676834713e+37,nan,-11.022219678287744
b'SN2006bw',0.030002,0.0010016429021702418,1696.0,2.583691072727042e+36,3.081750380333921e+36,1.009151322601928e+36,1.2055457398805959e+36,25.644449254155482,1.2929105949681599,1696.0,-2.3039649903107655e+36,5.983348024208959e+36,-8.998944733538119e+35,2.3377689847171846e+36,nan,-2.8186591440206503
b'SN2006bz',0.027906,0.0010015823122939145,25656.55,9.842858666780837e+36,1.0345388861547872e+36,3.329129586290811e+36,4.229048362365721e+35,24.03155861371524,0.08179392697388241,18620.45,4.9317748100615813e+36,1.7196323081320173e+36,1.6680639221724722e+36,5.9367749425402736e+35,25.602505679717808,0.37012126089509245
b'SN2006cc',0.032529,0.0010017217773938152,340.0,0.0,0.0,0.0,0.0,inf,nan,904.95,8.741148688929585e+37,2.113748508222092e+37,4.0090686809332285e+37,9.999722723196131e+36,22.821500634746016,0.253455124485058
b'SN2006cf',0.0422998,0.001002086651215385,1533.05,2.3612418999530186e+38,1.6853647002799833e+37,1.8233948890826423e+38,1.5576579115372905e+37,21.508033802392404,0.05649224098841403,104.0,3.405640702845502e+38,1.440811618283509e+38,2.62989905936527e+38,1.1194480651067775e+38,21.931039974185186,0.45626471972584587
b'SN2006cg',0.028063,0.001001586698909797,1391.55,1.5958716475603508e+37,3.590447488731747e+36,5.458213969742284e+36,1.2876102666567404e+36,23.519306345004114,0.23109726574606987,1909.95,1.2462830514080695e+37,6.214181326203279e+36,4.262548038777234e+36,2.146783781586743e+36,24.60841155856565,0.5355508521514135
b'SN2006cj',0.06752,0.0010034676546177383,2568.3,0.0,0.0,0.0,0.0,inf,nan,1690.05,0.0,0.0,0.0,0.0,inf,nan
b'SN2006cq',0.0521626,0.0010025514053168469,1660.05,6.686133911679081e+37,9.152953752294293e+36,7.817322073937452e+37,1.110599748594978e+37,23.348755065462278,0.14217825248840368,1660.05,7.983723715775124e+37,2.3227719567200603e+37,9.334443560355424e+37,2.7388069592989885e+37,23.97683103157762,0.3128978147248736
b'SN2006cs',0.023676,0.001001473382791587,1696.0,1.0043876402527262e+37,2.522392768206766e+36,2.4498293476089727e+36,6.4887133155586116e+35,23.645716493595938,0.25613661873109433,106.0,2.430230937016016e+37,2.659823239550283e+37,5.927642707223097e+36,6.506799705469429e+36,23.50700306833871,1.184625242774011
b'SN2006en',0.0311307,0.0010016773452297474,1706.0,0.0,0.0,0.0,0.0,inf,nan,267.0,0.0,0.0,0.0,0.0,inf,nan
b'SN2006gj',0.02829,0.0010015930848223866,224.0,1.4851794076640105e+37,1.0292417015777017e+37,5.161620028736641e+36,3.59543953600995e+36,23.615219647006803,0.7483161566631498,224.0,2.8979886070386154e+37,3.1426879823312627e+37,1.0071723294809586e+37,1.094512721000843e+37,23.710077298345677,1.1747922169210268
b'SN2006gt',0.044771,0.0010021940061210827,3007.05,0.0,0.0,0.0,0.0,inf,nan,3007.05,0.0,0.0,0.0,0.0,inf,nan
b'SN2006mo',0.036999,0.0010018768933681545,1704.0,3.122818915844528e+37,5.544978835377781e+36,1.8492954429579672e+37,3.4306318634466324e+36,23.405244532833496,0.18307465761905883,1616.0,1.814406790099291e+37,1.252437219838738e+37,1.0744696695598158e+37,7.439203547956636e+36,24.815426918268393,0.7470157403963653
b'SN2006nz',0.03816,0.0010019204404861817,11718.1,3.729788535338971e+37,2.910319929156793e+36,2.348325265451761e+37,2.2028960056417968e+36,23.281367139360796,0.061154408020483886,4684.2,3.106035287878538e+37,7.517495507813133e+36,1.9556017915763723e+37,4.841412308886928e+36,24.300713738159907,0.25615522599815344
b'SN2006oa',0.062573,0.00100314693031132,3112.0,0.0,0.0,0.0,0.0,inf,nan,3112.0,0.0,0.0,0.0,0.0,inf,nan
b'SN2006ob',0.058596,0.0010029067128502155,3279.65,5.819055875226272e+37,7.309162525460882e+36,8.56067403284843e+37,1.1134973610818846e+37,23.76222961088983,0.130759206177268,3279.65,8.289795222121976e+37,1.9295296847128292e+37,1.2195489477559122e+38,2.868361515118821e+37,24.198653461145156,0.24972902364232646
b'SN2006on',0.071915,0.0010037729577394604,3934.95,1.730397211267185e+37,6.800019212856577e+36,3.8116371263242767e+37,1.5015295584729262e+37,25.544422683103967,0.4254760246437714,3934.95,-3.4532575923207423e+36,1.6004793241289838e+37,-7.606672479558531e+36,3.525522045502223e+37,nan,-5.031954578226096
b'SN2006os',0.032081,0.001001707329525458,110.0,5.209128947787672e+37,2.272043662909515e+37,2.3242344134751405e+37,1.0239448729679914e+37,22.532014295235857,0.46844325486572247,110.0,5.18784936342809e+37,5.988947087559002e+37,2.3147397853388965e+37,2.676029533591614e+37,23.35711071085186,1.2514688883710956
b'SN2006te',0.031592,0.0010016917878908785,1704.0,1.316777539220801e+38,1.0967071955668532e+37,5.69874114152995e+37,5.950339367213939e+36,21.490996205844112,0.056652199356387475,,,,,,,
b'SN2007F',0.0240137,0.0010014814233183333,205.05,2.209175088629904e+38,2.617890063027052e+37,5.5424532730861505e+37,8.017729562441628e+36,20.321204352169595,0.08972768542069141,112.0,3.442540586720701e+38,8.33442253838387e+37,8.636762400953588e+37,2.2103535507907037e+37,20.66023406081411,0.246153806633448
b'SN2007O',0.036212,0.0010018481383962466,183.0,4.918741054792523e+38,5.101383950056797e+37,2.791187740930733e+38,3.275270476072658e+37,20.364017012903197,0.09419886504769466,183.0,6.3837268972227644e+38,1.3038890472408435e+38,3.622508291957555e+38,7.661574514810298e+37,20.901618203044066,0.21300864585005744
b'SN2007R',0.0304169,0.0010016554154346866,1687.7,3.156584259308105e+38,2.333889417338819e+37,1.2670202081593946e+38,1.2508720968628598e+37,20.457507889446106,0.03308313234854247,211.05,3.793458262828044e+38,8.029853559147262e+37,1.5226548328749129e+38,3.373527292302914e+37,21.078615118674243,0.217875170396607
b'SN2007ae',0.0583448,0.0010028920675481806,1675.05,5.286658543909998e+37,9.924299128029392e+36,7.711764648760073e+37,1.4711364597061707e+37,23.856685117315166,0.20007212891261594,266.0,4.270587119064225e+37,6.208116805983041e+37,6.229598999199199e+37,9.058382464428178e+37,24.909071343531203,1.577846272097128
b'SN2007ar',0.052933,0.0010025917843035743,251.15,3.3258861527827404e+37,1.8544227530650905e+37,4.0029119691083555e+37,2.2369385470202875e+37,24.13997799215548,0.6038679939545694,251.15,-9.158872165213159e+36,1.8625819427614812e+37,-1.1023275400750022e+37,2.2421136254076503e+37,nan,-2.2075799269514365
b'SN2007ba',0.03805,0.0010019162569616408,2270.0,7.815566371948809e+37,7.241427691121589e+36,4.892695047433524e+37,5.2037196841616544e+36,22.471730558524253,0.08162777915102093,2857.1,6.541432339131261e+37,1.3090646344948592e+37,4.0950626078310073e+37,8.469421655685355e+36,23.485601601621315,0.20917033836931237
b'SN2007bd',0.03044,0.001001656117169972,109.0,6.165648925300457e+37,2.0875256701224604e+37,2.4785628860253893e+37,8.54674966867273e+36,22.232290542505307,0.3602624880127201,109.0,-1.4683015492391384e+37,2.0266995885606577e+37,-5.902505591105099e+36,8.156372480821348e+36,nan,-1.4968605830813222
b'SN2007cg',0.033196,0.0010017436587670644,208.0,0.0,0.0,0.0,0.0,inf,nan,96.0,0.0,0.0,0.0,0.0,inf,nan
b'SN2008af',0.033507,0.0010017540129757527,1620.0,1.30292541646972e+36,3.2274196926859146e+36,6.3377858695260685e+35,1.570355884371884e+36,26.633384339804486,2.6886063355541143,73.0,2.644181792073759e+36,3.6898206708900967e+37,1.2862024016439662e+36,1.7948460089455798e+37,26.685606992354653,15.150748180954174
b'SN2008bf',0.0231404,0.0010014608637266783,105.0,8.377548830792152e+36,1.0175391518871547e+37,1.9524417605259074e+36,2.377393751307851e+36,23.792107652124884,1.3152661760980164,105.0,-1.1680506317466885e+37,1.3945419478442294e+37,-2.7222172951694537e+36,3.258513702950182e+36,nan,-1.2927342603831466
